Code NACRES;Montant;Element d'OTP;Centre de couts;Departement;Laboratoire
NE.04;10 900,00;OP20-039-OTP-01;BIO_IB_CR;Biologie;IBENS
XD.61;287,73;;BIO_IB1;Biologie;IBENS
ND.11;572,34;;BIO_IB1;Biologie;IBENS
NB.17;1 120,00;OP17-061-OTP-01;BIO_IB_CR;Biologie;IBENS
KG.02;500,00;;BIO_IB1;Biologie;IBENS
EC.01;1 500,00;OP21-090-OTP-01;BIO_IB_CR;Biologie;IBENS
GA.09;69,00;OP20-038-OTP-01;BIO_IB_CR;Biologie;IBENS
XD.61;1 151,68;;BIO_IB1;Biologie;IBENS
OB.11;985,00;OP20-067-OTP-01;BIO_IB_CR;Biologie;IBENS
XD.61;9 456,00;;BIO_IB1;Biologie;IBENS
AA.66;707,50;;BIO_IB1;Biologie;IBENS
NB.11;95,00;OP20-038-OTP-01;BIO_IB_CR;Biologie;IBENS
AA.64;112,50;OP19-118-OTP-01;BIO_IB_CR;Biologie;IBENS
XD.01;978,00;;BIO_IB1;Biologie;IBENS
XD.01;19,56;;BIO_IB1;Biologie;IBENS
NB.02;469,93;OP20-038-OTP-01;BIO_IB_CR;Biologie;IBENS
XD.56;50 895,90;OP16-095-OTP-01;BIO_IB_CR;Biologie;IBENS
ID.14;25 000,00;OP19-137-OTP-01;BIO_CR;Biologie;IBENS
XC.01;375,00;OP19-012-OTP-01;BIO_IB_CR;Biologie;IBENS
FC.02;83,76;OP20-038-OTP-01;BIO_IB_CR;Biologie;IBENS
XD.62;42,50;OP19-029-OTP-01;BIO_IB_CR;Biologie;IBENS
IA.25;580,82;OP19-116-OTP-01;BIO_IB_CR;Biologie;IBENS
NC.51;95,00;OP21-184-OTP-01;BIO_IB_CR;Biologie;IBENS
AB.02;840,79;;BIO_IB1;Biologie;IBENS
ID.17;844,33;;BIO_IB1;Biologie;IBENS
BD.11;1 841,37;;BIO_IB1;Biologie;IBENS
XC.01;375,00;OP19-012-OTP-01;BIO_IB_CR;Biologie;IBENS
FB.02;97,65;OP19-118-OTP-01;BIO_IB_CR;Biologie;IBENS
FC.02;97,64;OP20-038-OTP-01;BIO_IB_CR;Biologie;IBENS
MA.44;35 758,90;OP19-039-OTP-01;BIO_IB_CR;Biologie;IBENS
XC.01;357,50;OP22-017-OTP-01;BIO_IB_CR;Biologie;IBENS
XC.01;32,50;OP22-017-OTP-01;BIO_IB_CR;Biologie;IBENS
GA.05;317,96;OP20-061-OTP-01;BIO_IB_CR;Biologie;IBENS
GB.21;421,57;;BIO_IB1;Biologie;IBENS
NB.11;609,35;OP20-141-OTP-01;BIO_IB_CR;Biologie;IBENS
NE.02;407,00;;BIO_IB1;Biologie;IBENS
BE.15;841,20;;BIO_IB1;Biologie;IBENS
QC.01;343,00;;BIO_IB1;Biologie;IBENS
ND.13;7 556,58;;BIO_IB1;Biologie;IBENS
ND.13;575,22;;BIO_IB1;Biologie;IBENS
XD.61;2 295,00;;BIO_IB1;Biologie;IBENS
XD.31;1 000,00;OP20-029-OTP-01;BIO_IB_CR;Biologie;IBENS
XD.61;280,41;;BIO_IB1;Biologie;IBENS
IB.31;803,78;OP22-017-OTP-01;BIO_IB_CR;Biologie;IBENS
HA.05;126,02;;BIO_IB1;Biologie;IBENS
IA.24;264,98;;BIO_IB1;Biologie;IBENS
IA.24;257,47;;BIO_IB1;Biologie;IBENS
EB.11;2 250,00;;BIO_IB1;Biologie;IBENS
AC.31;144,41;OP19-118-OTP-01;BIO_IB_CR;Biologie;IBENS
AA.64;143,00;OP19-118-OTP-01;BIO_IB_CR;Biologie;IBENS
CB.02;266,58;;BIO_IB1;Biologie;IBENS
NA.31;6 532,95;;BIO_IB1;Biologie;IBENS
NA.31;25,00;PL_GENOM-OTP-01;BIO_IB1;Biologie;IBENS
NA.52;1 171,68;;BIO_IB1;Biologie;IBENS
ND.04;2 183,70;OP19-118-OTP-01;BIO_IB_CR;Biologie;IBENS
NB.35;528,00;;BIO_IB1;Biologie;IBENS
HA.23;306,00;;BIO_IB1;Biologie;IBENS
BB.31;1 013,77;;BIO_IB1;Biologie;IBENS
ID.17;117,48;;BIO_IB1;Biologie;IBENS
NB.84;2 827,83;;BIO_IB1;Biologie;IBENS
GB.21;212,90;;BIO_IB1;Biologie;IBENS
HA.11;294,77;;BIO_IB1;Biologie;IBENS
NA.25;106,71;OP20-061-OTP-01;BIO_IB_CR;Biologie;IBENS
QB.11;31 240,00;;BIO_IB1;Biologie;IBENS
NB.02;3 531,03;OP20-038-OTP-01;BIO_IB_CR;Biologie;IBENS
NA.71;4 177,80;OP20-038-OTP-01;BIO_IB_CR;Biologie;IBENS
NA.22;721,20;OP20-038-OTP-01;BIO_IB_CR;Biologie;IBENS
NA.05;754,68;OP20-038-OTP-01;BIO_IB_CR;Biologie;IBENS
XD.61;191,00;;BIO_IB1;Biologie;IBENS
OA.01;562,08;OP20-067-OTP-01;BIO_IB_CR;Biologie;IBENS
XD.61;399,00;;BIO_IB1;Biologie;IBENS
QB.01;637,05;;BIO_IB1;Biologie;IBENS
XD.61;125,70;;BIO_IB1;Biologie;IBENS
MA.46;5 825,04;;BIO_IB1;Biologie;IBENS
IB.31;2 927,59;;BIO_IB1;Biologie;IBENS
NB.35;359,91;OP20-038-OTP-01;BIO_IB_CR;Biologie;IBENS
NA.25;459,13;OP20-038-OTP-01;BIO_IB_CR;Biologie;IBENS
NA.25;6,18;OP20-024-OTP-01;BIO_IB_CR;Biologie;IBENS
NA.47;286,25;OP20-038-OTP-01;BIO_IB_CR;Biologie;IBENS
NA.55;354,00;OP20-038-OTP-01;BIO_IB_CR;Biologie;IBENS
MA.47;2 276,45;OP19-107-OTP-01;BIO_IB_CR;Biologie;IBENS
KE.23;29 885,00;OP21-090-OTP-01;BIO_IB_CR;Biologie;IBENS
NB.84;4 076,30;;BIO_IB1;Biologie;IBENS
HC.02;620,69;;BIO_IB1;Biologie;IBENS
NA.56;3 964,41;OP18-084-OTP-01;BIO_IB_CR;Biologie;IBENS
NA.46;2 421,00;OP20-038-OTP-01;BIO_IB_CR;Biologie;IBENS
NB.17;717,23;OP20-038-OTP-01;BIO_IB_CR;Biologie;IBENS
KA.33;2 883,54;OP20-038-OTP-01;BIO_IB_CR;Biologie;IBENS
RA.17;528,00;OP21-184-OTP-01;BIO_IB_CR;Biologie;IBENS
NB.01;1 135,00;;BIO_IB1;Biologie;IBENS
NB.02;1 497,91;;BIO_IB1;Biologie;IBENS
NB.86;6 670,32;;BIO_IB1;Biologie;IBENS
NE.11;5 317,00;OP16-045-OTP-01;BIO_IB_CR;Biologie;IBENS
XD.61;437,50;OP19-107-OTP-01;BIO_IB_CR;Biologie;IBENS
BD.02;97,15;;BIO_IB1;Biologie;IBENS
CB.02;220,75;;BIO_IB1;Biologie;IBENS
KA.31;767,50;OP22-017-OTP-01;BIO_IB_CR;Biologie;IBENS
NB.72;551,00;;BIO_IB1;Biologie;IBENS
NB.01;491,20;;BIO_IB1;Biologie;IBENS
BE.12;1 130,16;;BIO_IB1;Biologie;IBENS
QC.01;1 588,40;;BIO_IB1;Biologie;IBENS
XD.62;6,60;OP19-118-OTP-01;BIO_IB_CR;Biologie;IBENS
XD.62;22,00;OP19-118-OTP-01;BIO_IB_CR;Biologie;IBENS
DC.01;340,68;OP19-152-OTP-01;BIO_IB_CR;Biologie;IBENS
DC.01;1 408,59;OP18-109-OTP-01;BIO_IB_CR;Biologie;IBENS
DC.01;1 056,08;OP21-184-OTP-01;BIO_IB_CR;Biologie;IBENS
DC.01;242,88;OP19-012-OTP-01;BIO_IB_CR;Biologie;IBENS
DC.01;500,20;OP19-012-OTP-01;BIO_IB_CR;Biologie;IBENS
DC.01;248,08;OP20-061-OTP-01;BIO_IB_CR;Biologie;IBENS
DC.01;328,33;;BIO_IB1;Biologie;IBENS
DC.01;659,01;OP19-152-OTP-01;BIO_IB_CR;Biologie;IBENS
DC.01;52,47;OP21-090-OTP-01;BIO_IB_CR;Biologie;IBENS
DC.01;52,47;OP21-090-OTP-01;BIO_IB_CR;Biologie;IBENS
DC.01;409,76;OP21-135-OTP-01;BIO_IB_CR;Biologie;IBENS
DC.01;38,30;;BIO_IB1;Biologie;IBENS
DC.01;57,43;;BIO_IB1;Biologie;IBENS
DC.01;66,60;;BIO_IB1;Biologie;IBENS
DC.01;27,47;OP19-029-OTP-01;BIO_IB_CR;Biologie;IBENS
DC.01;41,48;OP19-029-OTP-01;BIO_IB_CR;Biologie;IBENS
DC.01;246,30;OP19-127-OTP-01;BIO_IB_CR;Biologie;IBENS
DC.01;142,97;OP19-127-OTP-01;BIO_IB_CR;Biologie;IBENS
DC.01;138,97;OP19-127-OTP-01;BIO_IB_CR;Biologie;IBENS
DC.01;121,30;;BIO_IB1;Biologie;IBENS
DC.01;252,26;OP21-095-OTP-01;BIO_IB_CR;Biologie;IBENS
DC.01;46,38;;BIO_IB1;Biologie;IBENS
DC.01;124,80;;BIO_IB1;Biologie;IBENS
DC.01;184,63;OP19-029-OTP-01;BIO_IB_CR;Biologie;IBENS
DC.01;548,58;OP19-152-OTP-01;BIO_IB_CR;Biologie;IBENS
DC.01;155,80;;BIO_IB1;Biologie;IBENS
DC.01;153,30;OP20-069-OTP-01;BIO_IB_CR;Biologie;IBENS
DC.01;172,13;;BIO_IB1;Biologie;IBENS
DC.01;816,66;OP19-152-OTP-01;BIO_IB_CR;Biologie;IBENS
DC.01;101,30;OP19-152-OTP-01;BIO_IB_CR;Biologie;IBENS
DC.01;827,37;OP20-069-OTP-01;BIO_IB_CR;Biologie;IBENS
DC.01;137,43;OP19-029-OTP-01;BIO_IB_CR;Biologie;IBENS
DC.01;763,88;OP19-152-OTP-01;BIO_IB_CR;Biologie;IBENS
NA.47;285,00;OP20-061-OTP-01;BIO_IB_CR;Biologie;IBENS
NA.76;347,50;OP20-061-OTP-01;BIO_IB_CR;Biologie;IBENS
XD.61;48,00;OP20-061-OTP-01;BIO_IB_CR;Biologie;IBENS
KE.13;133,10;OP20-061-OTP-01;BIO_IB_CR;Biologie;IBENS
XD.61;17,00;OP20-061-OTP-01;BIO_IB_CR;Biologie;IBENS
NA.21;54,00;OP20-061-OTP-01;BIO_IB_CR;Biologie;IBENS
NB.02;170,04;OP20-061-OTP-01;BIO_IB_CR;Biologie;IBENS
XD.61;3,00;OP20-061-OTP-01;BIO_IB_CR;Biologie;IBENS
IB.31;422,10;OP22-017-OTP-01;BIO_IB_CR;Biologie;IBENS
NB.16;92,70;OP22-017-OTP-01;BIO_IB_CR;Biologie;IBENS
NA.77;154,00;OP22-017-OTP-01;BIO_IB_CR;Biologie;IBENS
XD.61;40,00;OP22-017-OTP-01;BIO_IB_CR;Biologie;IBENS
NA.45;375,00;OP16-045-OTP-01;BIO_IB_CR;Biologie;IBENS
XD.61;40,00;OP16-045-OTP-01;BIO_IB_CR;Biologie;IBENS
NB.16;92,70;OP22-017-OTP-01;BIO_IB_CR;Biologie;IBENS
NA.77;154,00;OP22-017-OTP-01;BIO_IB_CR;Biologie;IBENS
XD.61;40,00;OP22-017-OTP-01;BIO_IB_CR;Biologie;IBENS
ND.11;2 339,43;;BIO_IB1;Biologie;IBENS
DC.01;297,68;OP20-061-OTP-01;BIO_IB_CR;Biologie;IBENS
DC.01;393,97;;BIO_IB1;Biologie;IBENS
DC.01;790,81;OP19-152-OTP-01;BIO_IB_CR;Biologie;IBENS
DC.01;145,30;;BIO_IB1;Biologie;IBENS
DC.01;302,45;OP21-095-OTP-01;BIO_IB_CR;Biologie;IBENS
DC.01;206,30;;BIO_IB1;Biologie;IBENS
ND.11;1 690,61;;BIO_IB1;Biologie;IBENS
HC.02;372,03;PL_IBENS-OTP-01;BIO_IB1;Biologie;IBENS
NB.84;396,75;;BIO_IB1;Biologie;IBENS
IA.32;2 000,00;;BIO_IB1;Biologie;IBENS
IA.32;6 000,00;;BIO_IB1;Biologie;IBENS
IA.32;330,00;;BIO_IB1;Biologie;IBENS
XD.01;120,00;;BIO_IB1;Biologie;IBENS
XD.01;206,00;;BIO_IB1;Biologie;IBENS
XD.01;19,56;;BIO_IB1;Biologie;IBENS
KF.01;10 678,12;PL_IBENS-OTP-01;BIO_IB1;Biologie;IBENS
JB.11;1 719,20;PL_IBENS-OTP-01;BIO_IB1;Biologie;IBENS
JB.11;431,77;PL_IBENS-OTP-01;BIO_IB1;Biologie;IBENS
JB.11;216,02;PL_IBENS-OTP-01;BIO_IB1;Biologie;IBENS
JB.11;332,02;PL_IBENS-OTP-01;BIO_IB1;Biologie;IBENS
NA.46;41,00;OP16-045-OTP-01;BIO_IB_CR;Biologie;IBENS
JB.11;429,24;;BIO_IB1;Biologie;IBENS
JB.11;133,76;;BIO_IB1;Biologie;IBENS
JB.11;298,30;;BIO_IB1;Biologie;IBENS
JB.11;436,05;;BIO_IB1;Biologie;IBENS
JB.11;1 875,30;;BIO_IB1;Biologie;IBENS
JB.11;1 332,65;;BIO_IB1;Biologie;IBENS
JB.11;114,15;;BIO_IB1;Biologie;IBENS
JB.11;492,10;;BIO_IB1;Biologie;IBENS
JB.11;435,10;;BIO_IB1;Biologie;IBENS
JB.11;463,60;;BIO_IB1;Biologie;IBENS
JB.11;783,75;;BIO_IB1;Biologie;IBENS
JB.11;1 941,68;;BIO_IB1;Biologie;IBENS
JB.11;55,82;;BIO_IB1;Biologie;IBENS
JB.11;669,75;;BIO_IB1;Biologie;IBENS
JB.11;467,40;;BIO_IB1;Biologie;IBENS
JB.11;776,15;;BIO_IB1;Biologie;IBENS
JB.11;484,50;;BIO_IB1;Biologie;IBENS
JB.11;484,50;;BIO_IB1;Biologie;IBENS
JB.11;1 448,55;;BIO_IB1;Biologie;IBENS
JB.11;179,64;;BIO_IB1;Biologie;IBENS
JB.11;1 250,20;;BIO_IB1;Biologie;IBENS
JB.11;668,80;;BIO_IB1;Biologie;IBENS
DC.01;1,00;OP21-184-OTP-01;BIO_IB_CR;Biologie;IBENS
DC.01;1,00;OP19-012-OTP-01;BIO_IB_CR;Biologie;IBENS
DC.01;1,00;OP19-012-OTP-01;BIO_IB_CR;Biologie;IBENS
DC.01;1,00;OP19-152-OTP-01;BIO_IB_CR;Biologie;IBENS
DC.01;1,00;OP19-152-OTP-01;BIO_IB_CR;Biologie;IBENS
JB.11;1 389,15;;BIO_IB1;Biologie;IBENS
JB.11;1 119,30;;BIO_IB1;Biologie;IBENS
JB.11;907,70;;BIO_IB1;Biologie;IBENS
JB.11;132,08;;BIO_IB1;Biologie;IBENS
JB.11;173,76;;BIO_IB1;Biologie;IBENS
JB.11;108,86;;BIO_IB1;Biologie;IBENS
DC.01;916,66;OP19-152-OTP-01;BIO_IB_CR;Biologie;IBENS
DC.01;658,30;OP19-152-OTP-01;BIO_IB_CR;Biologie;IBENS
DC.01;596,28;OP19-012-OTP-01;BIO_IB_CR;Biologie;IBENS
DC.01;3,30;OP19-012-OTP-01;BIO_IB_CR;Biologie;IBENS
DC.01;1 267,29;OP21-184-OTP-01;BIO_IB_CR;Biologie;IBENS
DC.01;286,29;OP19-012-OTP-01;BIO_IB_CR;Biologie;IBENS
DC.01;4,30;OP19-012-OTP-01;BIO_IB_CR;Biologie;IBENS
AB.01;68,95;;BIO_IB1;Biologie;IBENS
AB.01;10,95;;BIO_IB1;Biologie;IBENS
XD.61;8,90;;BIO_IB1;Biologie;IBENS
KB.31;174,54;;BIO_IB1;Biologie;IBENS
KB.31;28,00;;BIO_IB1;Biologie;IBENS
RA.23;69,94;;BIO_IB1;Biologie;IBENS
RA.23;33,80;;BIO_IB1;Biologie;IBENS
RA.23;106,60;;BIO_IB1;Biologie;IBENS
RA.23;36,90;;BIO_IB1;Biologie;IBENS
RA.23;21,90;;BIO_IB1;Biologie;IBENS
RA.23;21,20;;BIO_IB1;Biologie;IBENS
HA.01;210,00;;BIO_IB1;Biologie;IBENS
HA.01;210,00;;BIO_IB1;Biologie;IBENS
NB.35;108,72;;BIO_IB1;Biologie;IBENS
NB.03;113,92;;BIO_IB1;Biologie;IBENS
NB.03;143,02;;BIO_IB1;Biologie;IBENS
NB.11;54,66;;BIO_IB1;Biologie;IBENS
NB.24;128,79;;BIO_IB1;Biologie;IBENS
NB.02;156,87;;BIO_IB1;Biologie;IBENS
NB.35;46,14;;BIO_IB1;Biologie;IBENS
NB.35;42,94;;BIO_IB1;Biologie;IBENS
NB.17;196,95;;BIO_IB1;Biologie;IBENS
NB.17;67,35;;BIO_IB1;Biologie;IBENS
NB.43;22,86;;BIO_IB1;Biologie;IBENS
NB.11;171,09;;BIO_IB1;Biologie;IBENS
NB.79;299,00;;BIO_IB1;Biologie;IBENS
NB.15;217,00;;BIO_IB1;Biologie;IBENS
NB.15;180,46;;BIO_IB1;Biologie;IBENS
ND.11;345,11;;BIO_IB1;Biologie;IBENS
QA.24;132,23;PL_IBENS-OTP-01;BIO_IB1;Biologie;IBENS
QA.24;378,12;PL_IBENS-OTP-01;BIO_IB1;Biologie;IBENS
QA.24;7,70;PL_IBENS-OTP-01;BIO_IB1;Biologie;IBENS
QA.24;297,22;PL_IBENS-OTP-01;BIO_IB1;Biologie;IBENS
XD.61;370,50;PL_IBENS-OTP-01;BIO_IB1;Biologie;IBENS
XD.61;199,50;PL_IBENS-OTP-01;BIO_IB1;Biologie;IBENS
GA.41;560,00;OP16-045-OTP-01;BIO_IB_CR;Biologie;IBENS
GA.41;90,00;OP16-045-OTP-01;BIO_IB_CR;Biologie;IBENS
NA.52;194,74;OP18-109-OTP-01;BIO_IB_CR;Biologie;IBENS
NA.52;191,10;OP18-109-OTP-01;BIO_IB_CR;Biologie;IBENS
XD.61;22,00;OP18-109-OTP-01;BIO_IB_CR;Biologie;IBENS
XD.61;36,00;OP18-109-OTP-01;BIO_IB_CR;Biologie;IBENS
BE.09;4 845,96;;BIO_IB1;Biologie;IBENS
BE.09;4 000,00;;BIO_IB1;Biologie;IBENS
IB.11;234,74;OP19-121-OTP-01;BIO_IB_CR;Biologie;IBENS
IA.01;4 067,91;OP19-116-OTP-01;BIO_IB_CR;Biologie;IBENS
NA.31;3 895,20;;BIO_IB1;Biologie;IBENS
OA.05;370,00;OP19-121-OTP-01;BIO_IB_CR;Biologie;IBENS
XD.61;25,00;OP19-121-OTP-01;BIO_IB_CR;Biologie;IBENS
FC.11;440,00;PL_IBENS-OTP-01;BIO_IB1;Biologie;IBENS
XD.61;5,00;PL_IBENS-OTP-01;BIO_IB1;Biologie;IBENS
XD.61;5,00;PL_IBENS-OTP-01;BIO_IB1;Biologie;IBENS
KB.02;3 112,20;PL_IBENS-OTP-01;BIO_IB1;Biologie;IBENS
KB.02;3 013,92;PL_IBENS-OTP-01;BIO_IB1;Biologie;IBENS
KB.02;748,80;PL_IBENS-OTP-01;BIO_IB1;Biologie;IBENS
KB.02;1 740,00;PL_IBENS-OTP-01;BIO_IB1;Biologie;IBENS
KB.02;1 800,00;PL_IBENS-OTP-01;BIO_IB1;Biologie;IBENS
KB.02;810,00;PL_IBENS-OTP-01;BIO_IB1;Biologie;IBENS
XD.61;1 380,00;PL_IBENS-OTP-01;BIO_IB1;Biologie;IBENS
BE.15;300,00;;BIO_IB1;Biologie;IBENS
AB.01;7,52;;BIO_IB1;Biologie;IBENS
AB.01;35,40;;BIO_IB1;Biologie;IBENS
KG.01;2 913,00;;BIO_IB1;Biologie;IBENS
KG.01;3 918,00;;BIO_IB1;Biologie;IBENS
KG.01;2 730,00;;BIO_IB1;Biologie;IBENS
HC.02;2 400,00;PL_IBENS-OTP-01;BIO_IB1;Biologie;IBENS
HC.02;2 000,00;PL_IBENS-OTP-01;BIO_IB1;Biologie;IBENS
NB.17;172,42;OP20-024-OTP-01;BIO_IB_CR;Biologie;IBENS
IB.11;234,74;OP19-121-OTP-01;BIO_IB_CR;Biologie;IBENS
XD.61;79,50;;BIO_IB1;Biologie;IBENS
QA.24;178,38;;BIO_IB1;Biologie;IBENS
QA.24;48,81;;BIO_IB1;Biologie;IBENS
XC.21;38 000,00;OP16-045-OTP-01;BIO_IB_CR;Biologie;IBENS
XC.21;1 900,00;OP16-045-OTP-01;BIO_IB_CR;Biologie;IBENS
XC.21;11 840,00;OP16-045-OTP-01;BIO_IB_CR;Biologie;IBENS
XC.21;592,00;OP16-045-OTP-01;BIO_IB_CR;Biologie;IBENS
XC.21;64 000,00;OP16-045-OTP-01;BIO_IB_CR;Biologie;IBENS
XC.21;1 920,00;OP16-045-OTP-01;BIO_IB_CR;Biologie;IBENS
NA.54;183,60;OP20-061-OTP-01;BIO_IB_CR;Biologie;IBENS
NA.54;154,80;OP20-061-OTP-01;BIO_IB_CR;Biologie;IBENS
NA.55;160,20;OP20-061-OTP-01;BIO_IB_CR;Biologie;IBENS
AC.31;16,67;OP19-165-OTP-01;BIO_IB_CR;Biologie;IBENS
IB.12;61,08;OP19-012-OTP-01;BIO_IB_CR;Biologie;IBENS
IB.11;104,64;OP19-127-OTP-01;BIO_IB_CR;Biologie;IBENS
AA.64;159,09;PL_GENOM-OTP-01;BIO_IB1;Biologie;IBENS
CB.12;1 350,00;OP16-045-OTP-01;BIO_IB_CR;Biologie;IBENS
IB.11;244,32;OP19-118-OTP-01;BIO_IB_CR;Biologie;IBENS
IC.31;15 760,21;;BIO_IB1;Biologie;IBENS
MB.03;26 109,16;PL_IBENS-OTP-01;BIO_IB1;Biologie;IBENS
AB.01;23,08;;BIO_IB1;Biologie;IBENS
AB.01;17,35;;BIO_IB1;Biologie;IBENS
XD.61;9,00;;BIO_IB1;Biologie;IBENS
IA.24;72,00;OP18-023-OTP-01;BIO_IB_CR;Biologie;IBENS
FC.11;150,00;PL_IBENS-OTP-01;BIO_IB1;Biologie;IBENS
FC.11;220,00;PL_IBENS-OTP-01;BIO_IB1;Biologie;IBENS
XD.61;3,50;PL_IBENS-OTP-01;BIO_IB1;Biologie;IBENS
XD.61;3,50;PL_IBENS-OTP-01;BIO_IB1;Biologie;IBENS
RA.15;287,50;PL_IBENS-OTP-01;BIO_IB1;Biologie;IBENS
IB.11;61,08;OP19-012-OTP-01;BIO_IB_CR;Biologie;IBENS
IC.02;165,75;PL_IBENS-OTP-01;BIO_IB1;Biologie;IBENS
XD.61;5,05;PL_IBENS-OTP-01;BIO_IB1;Biologie;IBENS
XD.61;5,05;PL_IBENS-OTP-01;BIO_IB1;Biologie;IBENS
XC.01;54,55;PL_IBENS-OTP-01;BIO_IB1;Biologie;IBENS
BE.15;6 966,85;;BIO_IB1;Biologie;IBENS
BE.15;6 966,85;;BIO_IB1;Biologie;IBENS
BE.15;2 152,68;;BIO_IB1;Biologie;IBENS
BE.15;943,87;;BIO_IB1;Biologie;IBENS
BG.21;2 743,20;;BIO_IB1;Biologie;IBENS
DC.01;200,00;OP16-045-OTP-01;BIO_IB_CR;Biologie;IBENS
DC.11;0,70;OP16-045-OTP-01;BIO_IB_CR;Biologie;IBENS
IB.11;104,64;OP18-023-OTP-01;BIO_IB_CR;Biologie;IBENS
IB.11;244,32;OP19-012-OTP-01;BIO_IB_CR;Biologie;IBENS
IC.41;3 587,66;;BIO_IB1;Biologie;IBENS
IC.41;3 587,66;;BIO_IB1;Biologie;IBENS
JB.11;4 070,00;;BIO_IB1;Biologie;IBENS
BD.27;829,00;;BIO_IB1;Biologie;IBENS
BD.27;875,80;;BIO_IB1;Biologie;IBENS
BD.27;360,00;;BIO_IB1;Biologie;IBENS
BD.24;265,96;;BIO_IB1;Biologie;IBENS
TB.12;16,80;;BIO_IB1;Biologie;IBENS
TB.12;5,16;;BIO_IB1;Biologie;IBENS
TB.11;44,90;;BIO_IB1;Biologie;IBENS
TB.11;108,40;;BIO_IB1;Biologie;IBENS
IA.25;66,58;PL_GENOM-OTP-01;BIO_IB1;Biologie;IBENS
IA.25;149,17;PL_GENOM-OTP-01;BIO_IB1;Biologie;IBENS
IA.25;1 537,50;PL_GENOM-OTP-01;BIO_IB1;Biologie;IBENS
XD.61;8,25;PL_GENOM-OTP-01;BIO_IB1;Biologie;IBENS
KG.01;83,00;PL_IBENS-OTP-01;BIO_IB1;Biologie;IBENS
KG.01;124,50;PL_IBENS-OTP-01;BIO_IB1;Biologie;IBENS
JB.11;1 486,48;PL_IBENS-OTP-01;BIO_IB1;Biologie;IBENS
JB.11;178,58;PL_IBENS-OTP-01;BIO_IB1;Biologie;IBENS
JB.11;1 310,00;PL_IBENS-OTP-01;BIO_IB1;Biologie;IBENS
JB.11;457,00;PL_IBENS-OTP-01;BIO_IB1;Biologie;IBENS
JB.11;354,00;PL_IBENS-OTP-01;BIO_IB1;Biologie;IBENS
BE.15;7 365,92;;BIO_IB1;Biologie;IBENS
JA.02;2 500,00;;BIO_IB1;Biologie;IBENS
IB.11;104,64;OP20-039-OTP-01;BIO_IB_CR;Biologie;IBENS
IB.11;104,64;OP20-039-OTP-01;BIO_IB_CR;Biologie;IBENS
EC.01;17 500,00;PL_IBENS-OTP-01;BIO_IB1;Biologie;IBENS
FD.01;2 400,00;;BIO_IB1;Biologie;IBENS
HB.01;14 850,00;;BIO_IB1;Biologie;IBENS
XD.01;240,00;;BIO_IB1;Biologie;IBENS
XD.01;451,12;;BIO_IB1;Biologie;IBENS
JA.12;194,00;;BIO_IB1;Biologie;IBENS
XD.61;40,00;;BIO_IB1;Biologie;IBENS
IA.24;48,43;PL_GENOM-OTP-01;BIO_IB1;Biologie;IBENS
IA.24;66,22;PL_GENOM-OTP-01;BIO_IB1;Biologie;IBENS
IA.24;67,40;PL_GENOM-OTP-01;BIO_IB1;Biologie;IBENS
IA.24;43,07;PL_GENOM-OTP-01;BIO_IB1;Biologie;IBENS
DC.01;252,43;OP18-023-OTP-01;BIO_IB_CR;Biologie;IBENS
DC.11;15,00;OP18-023-OTP-01;BIO_IB_CR;Biologie;IBENS
AB.02;55,64;PL_GENOM-OTP-01;BIO_IB1;Biologie;IBENS
AB.02;1 127,00;PL_GENOM-OTP-01;BIO_IB1;Biologie;IBENS
JA.01;219,02;PL_GENOM-OTP-01;BIO_IB1;Biologie;IBENS
DC.01;410,11;OP18-023-OTP-01;BIO_IB_CR;Biologie;IBENS
DC.11;0,10;OP18-023-OTP-01;BIO_IB_CR;Biologie;IBENS
DC.01;119,67;OP19-116-OTP-01;BIO_IB_CR;Biologie;IBENS
DC.11;0,10;OP19-116-OTP-01;BIO_IB_CR;Biologie;IBENS
FC.11;195,00;PL_IBENS-OTP-01;BIO_IB1;Biologie;IBENS
XD.61;5,00;PL_IBENS-OTP-01;BIO_IB1;Biologie;IBENS
NA.26;105,00;OP20-061-OTP-01;BIO_IB_CR;Biologie;IBENS
NA.77;77,50;OP20-061-OTP-01;BIO_IB_CR;Biologie;IBENS
NA.23;446,00;OP20-061-OTP-01;BIO_IB_CR;Biologie;IBENS
XD.61;80,00;OP20-061-OTP-01;BIO_IB_CR;Biologie;IBENS
DC.01;296,60;OP19-116-OTP-01;BIO_IB_CR;Biologie;IBENS
DC.11;0,10;OP19-116-OTP-01;BIO_IB_CR;Biologie;IBENS
IA.42;5,53;;BIO_IB1;Biologie;IBENS
IA.42;5,53;;BIO_IB1;Biologie;IBENS
IA.42;5,53;;BIO_IB1;Biologie;IBENS
IA.42;5,53;;BIO_IB1;Biologie;IBENS
IA.42;2 876,40;;BIO_IB1;Biologie;IBENS
IA.42;2 876,40;;BIO_IB1;Biologie;IBENS
IA.42;727,40;;BIO_IB1;Biologie;IBENS
IA.42;727,40;;BIO_IB1;Biologie;IBENS
IA.42;309,50;;BIO_IB1;Biologie;IBENS
IA.42;309,50;;BIO_IB1;Biologie;IBENS
IA.42;309,50;;BIO_IB1;Biologie;IBENS
IA.42;309,50;;BIO_IB1;Biologie;IBENS
IA.42;33,75;;BIO_IB1;Biologie;IBENS
IA.42;33,75;;BIO_IB1;Biologie;IBENS
IA.42;33,75;;BIO_IB1;Biologie;IBENS
IA.42;33,75;;BIO_IB1;Biologie;IBENS
IA.42;33,75;;BIO_IB1;Biologie;IBENS
IA.42;33,75;;BIO_IB1;Biologie;IBENS
IA.42;33,75;;BIO_IB1;Biologie;IBENS
IA.42;33,75;;BIO_IB1;Biologie;IBENS
IA.42;33,75;;BIO_IB1;Biologie;IBENS
IA.42;33,75;;BIO_IB1;Biologie;IBENS
IA.42;233,58;;BIO_IB1;Biologie;IBENS
IA.42;233,58;;BIO_IB1;Biologie;IBENS
IA.42;647,63;;BIO_IB1;Biologie;IBENS
IA.42;647,63;;BIO_IB1;Biologie;IBENS
IA.42;207,93;;BIO_IB1;Biologie;IBENS
IA.42;207,93;;BIO_IB1;Biologie;IBENS
IA.42;250,00;;BIO_IB1;Biologie;IBENS
IA.42;2 730,00;;BIO_IB1;Biologie;IBENS
GB.12;342,23;PL_IBENS-OTP-01;BIO_IB1;Biologie;IBENS
GB.12;35,00;PL_IBENS-OTP-01;BIO_IB1;Biologie;IBENS
IA.25;51,05;;BIO_IB1;Biologie;IBENS
IA.25;4,92;;BIO_IB1;Biologie;IBENS
XD.61;9,90;;BIO_IB1;Biologie;IBENS
NA.31;2 164,00;PL_GENOM-OTP-01;BIO_IB1;Biologie;IBENS
NA.31;2 164,00;PL_GENOM-OTP-01;BIO_IB1;Biologie;IBENS
NA.32;2 164,00;PL_GENOM-OTP-01;BIO_IB1;Biologie;IBENS
NA.32;3 567,60;PL_GENOM-OTP-01;BIO_IB1;Biologie;IBENS
IB.12;51,70;PL_IBENS-OTP-01;BIO_IB1;Biologie;IBENS
IB.12;51,70;PL_IBENS-OTP-01;BIO_IB1;Biologie;IBENS
AB.01;18,90;;BIO_IB1;Biologie;IBENS
IA.24;41,84;;BIO_IB1;Biologie;IBENS
XD.61;13,90;;BIO_IB1;Biologie;IBENS
FD.01;695,00;;BIO_IB1;Biologie;IBENS
FD.01;520,00;;BIO_IB1;Biologie;IBENS
EC.01;1 600,00;PL_IBENS-OTP-01;BIO_IB1;Biologie;IBENS
NA.05;157,40;PL_GENOM-OTP-01;BIO_IB1;Biologie;IBENS
NA.05;34,32;PL_GENOM-OTP-01;BIO_IB1;Biologie;IBENS
XD.61;47,00;PL_GENOM-OTP-01;BIO_IB1;Biologie;IBENS
CE.11;79,00;PL_IBENS-OTP-01;BIO_IB1;Biologie;IBENS
PB.12;1 776,00;PL_GENOM-OTP-01;BIO_IB1;Biologie;IBENS
NA.26;185,00;OP20-061-OTP-01;BIO_IB_CR;Biologie;IBENS
XD.61;39,00;OP20-061-OTP-01;BIO_IB_CR;Biologie;IBENS
XD.61;22,00;OP20-061-OTP-01;BIO_IB_CR;Biologie;IBENS
NA.41;710,00;OP16-045-OTP-01;BIO_IB_CR;Biologie;IBENS
IB.12;475,82;OP20-061-OTP-01;BIO_IB_CR;Biologie;IBENS
XC.01;90,00;OP19-127-OTP-01;BIO_IB_CR;Biologie;IBENS
II.02;26,45;;BIO_IB1;Biologie;IBENS
NA.31;5 842,80;PL_GENOM-OTP-01;BIO_IB1;Biologie;IBENS
NA.32;3 567,60;PL_GENOM-OTP-01;BIO_IB1;Biologie;IBENS
IA.42;2 876,40;;BIO_IB1;Biologie;IBENS
IA.42;2 876,40;;BIO_IB1;Biologie;IBENS
IA.42;3 519,53;;BIO_IB1;Biologie;IBENS
IA.42;2 980,00;;BIO_IB1;Biologie;IBENS
IA.42;1 711,12;;BIO_IB1;Biologie;IBENS
XC.01;70,00;OP19-127-OTP-01;BIO_IB_CR;Biologie;IBENS
AA.64;114,54;OP19-116-OTP-01;BIO_IB_CR;Biologie;IBENS
AA.64;10,92;OP19-116-OTP-01;BIO_IB_CR;Biologie;IBENS
AA.64;4,09;OP19-116-OTP-01;BIO_IB_CR;Biologie;IBENS
AA.64;20,00;OP19-116-OTP-01;BIO_IB_CR;Biologie;IBENS
KG.01;83,00;PL_IBENS-OTP-01;BIO_IB1;Biologie;IBENS
KG.01;124,50;PL_IBENS-OTP-01;BIO_IB1;Biologie;IBENS
KG.01;1 311,00;PL_IBENS-OTP-01;BIO_IB1;Biologie;IBENS
KG.01;1 140,00;PL_IBENS-OTP-01;BIO_IB1;Biologie;IBENS
KG.01;1 140,00;PL_IBENS-OTP-01;BIO_IB1;Biologie;IBENS
KG.01;1 596,00;PL_IBENS-OTP-01;BIO_IB1;Biologie;IBENS
KG.01;456,00;PL_IBENS-OTP-01;BIO_IB1;Biologie;IBENS
KG.01;1 076,00;PL_IBENS-OTP-01;BIO_IB1;Biologie;IBENS
KG.01;1 140,00;PL_IBENS-OTP-01;BIO_IB1;Biologie;IBENS
KG.01;1 140,00;PL_IBENS-OTP-01;BIO_IB1;Biologie;IBENS
KG.01;1 596,00;PL_IBENS-OTP-01;BIO_IB1;Biologie;IBENS
KG.01;456,00;PL_IBENS-OTP-01;BIO_IB1;Biologie;IBENS
BB.31;947,51;;BIO_IB1;Biologie;IBENS
BB.32;8 000,00;;BIO_IB1;Biologie;IBENS
NE.03;4 392,00;OP18-109-OTP-01;BIO_IB_CR;Biologie;IBENS
NB.02;176,14;PL_GENOM-OTP-01;BIO_IB1;Biologie;IBENS
XD.61;20,00;PL_IBENS-OTP-01;BIO_IB1;Biologie;IBENS
NB.83;26,00;PL_IBENS-OTP-01;BIO_IB1;Biologie;IBENS
GA.41;36,00;PL_IBENS-OTP-01;BIO_IB1;Biologie;IBENS
RA.23;98,37;PL_IBENS-OTP-01;BIO_IB1;Biologie;IBENS
BF.15;300,00;;BIO_IB1;Biologie;IBENS
BF.15;30,00;;BIO_IB1;Biologie;IBENS
NA.53;34,27;OP20-061-OTP-01;BIO_IB_CR;Biologie;IBENS
GA.09;182,64;OP20-061-OTP-01;BIO_IB_CR;Biologie;IBENS
GA.05;146,13;OP20-061-OTP-01;BIO_IB_CR;Biologie;IBENS
OA.04;3 168,00;OP19-121-OTP-01;BIO_IB_CR;Biologie;IBENS
XD.61;50,00;OP19-121-OTP-01;BIO_IB_CR;Biologie;IBENS
LA.05;26,08;PL_IBENS-OTP-01;BIO_IB1;Biologie;IBENS
LA.05;87,63;PL_IBENS-OTP-01;BIO_IB1;Biologie;IBENS
LA.05;48,04;PL_IBENS-OTP-01;BIO_IB1;Biologie;IBENS
LA.05;552,12;PL_IBENS-OTP-01;BIO_IB1;Biologie;IBENS
LA.05;21,21;PL_IBENS-OTP-01;BIO_IB1;Biologie;IBENS
LA.05;67,86;PL_IBENS-OTP-01;BIO_IB1;Biologie;IBENS
LA.05;171,69;PL_IBENS-OTP-01;BIO_IB1;Biologie;IBENS
LA.05;27,45;PL_IBENS-OTP-01;BIO_IB1;Biologie;IBENS
XD.61;26,50;PL_IBENS-OTP-01;BIO_IB1;Biologie;IBENS
IA.24;402,03;OP19-118-OTP-01;BIO_IB_CR;Biologie;IBENS
NA.21;20,56;OP18-109-OTP-01;BIO_IB_CR;Biologie;IBENS
NA.21;73,88;OP18-109-OTP-01;BIO_IB_CR;Biologie;IBENS
OC.04;3 500,00;OP18-023-OTP-01;BIO_IB_CR;Biologie;IBENS
NB.87;3 325,00;;BIO_IB1;Biologie;IBENS
XD.61;250,00;;BIO_IB1;Biologie;IBENS
XD.61;409,28;;BIO_IB1;Biologie;IBENS
NB.87;200,00;;BIO_IB1;Biologie;IBENS
NB.87;0,01;;BIO_IB1;Biologie;IBENS
DC.01;293,00;OP22-103-OTP-01;BIO_IB_CR;Biologie;IBENS
DC.11;1,40;OP22-103-OTP-01;BIO_IB_CR;Biologie;IBENS
NA.78;53,10;OP20-061-OTP-01;BIO_IB_CR;Biologie;IBENS
NA.71;121,72;OP20-061-OTP-01;BIO_IB_CR;Biologie;IBENS
XD.61;48,00;OP20-061-OTP-01;BIO_IB_CR;Biologie;IBENS
JB.11;607,20;;BIO_IB1;Biologie;IBENS
JB.11;233,20;;BIO_IB1;Biologie;IBENS
JB.11;512,60;;BIO_IB1;Biologie;IBENS
JB.11;216,70;;BIO_IB1;Biologie;IBENS
JB.11;244,20;;BIO_IB1;Biologie;IBENS
IA.23;900,00;;BIO_IB1;Biologie;IBENS
IA.23;1 850,00;;BIO_IB1;Biologie;IBENS
RD.01;166,00;OP19-029-OTP-01;BIO_IB_CR;Biologie;IBENS
ID.01;226,00;OP19-029-OTP-01;BIO_IB_CR;Biologie;IBENS
AC.31;514,00;OP19-029-OTP-01;BIO_IB_CR;Biologie;IBENS
ID.01;402,00;OP19-029-OTP-01;BIO_IB_CR;Biologie;IBENS
IA.25;93,73;PL_IBENS-OTP-01;BIO_IB1;Biologie;IBENS
IA.25;84,94;PL_IBENS-OTP-01;BIO_IB1;Biologie;IBENS
IA.25;4,92;PL_IBENS-OTP-01;BIO_IB1;Biologie;IBENS
XD.61;9,90;PL_IBENS-OTP-01;BIO_IB1;Biologie;IBENS
NB.01;390,51;PL_GENOM-OTP-01;BIO_IB1;Biologie;IBENS
NB.01;390,51;PL_GENOM-OTP-01;BIO_IB1;Biologie;IBENS
NB.01;390,51;PL_GENOM-OTP-01;BIO_IB1;Biologie;IBENS
NB.01;546,92;PL_GENOM-OTP-01;BIO_IB1;Biologie;IBENS
NB.01;10,21;PL_GENOM-OTP-01;BIO_IB1;Biologie;IBENS
NB.01;29,20;PL_GENOM-OTP-01;BIO_IB1;Biologie;IBENS
NA.32;740,00;OP23-001-OTP-01;BIO_IB_CR;Biologie;IBENS
XD.61;35,00;OP23-001-OTP-01;BIO_IB_CR;Biologie;IBENS
NA.28;72,75;OP23-001-OTP-01;BIO_IB_CR;Biologie;IBENS
NA.28;87,00;OP23-001-OTP-01;BIO_IB_CR;Biologie;IBENS
NA.28;60,75;OP23-001-OTP-01;BIO_IB_CR;Biologie;IBENS
NA.28;72,75;OP23-001-OTP-01;BIO_IB_CR;Biologie;IBENS
NA.28;72,75;OP23-001-OTP-01;BIO_IB_CR;Biologie;IBENS
NA.28;67,50;OP23-001-OTP-01;BIO_IB_CR;Biologie;IBENS
NA.28;72,75;OP23-001-OTP-01;BIO_IB_CR;Biologie;IBENS
NA.28;254,25;OP23-001-OTP-01;BIO_IB_CR;Biologie;IBENS
NA.28;72,75;OP23-001-OTP-01;BIO_IB_CR;Biologie;IBENS
NA.28;103,50;OP23-001-OTP-01;BIO_IB_CR;Biologie;IBENS
NA.28;108,75;OP23-001-OTP-01;BIO_IB_CR;Biologie;IBENS
XD.61;30,00;OP23-001-OTP-01;BIO_IB_CR;Biologie;IBENS
DC.01;5,00;OP22-117-OTP-01;BIO_IB_CR;Biologie;IBENS
DC.11;1,40;OP22-117-OTP-01;BIO_IB_CR;Biologie;IBENS
KE.13;382,50;OP19-127-OTP-01;BIO_IB_CR;Biologie;IBENS
AA.64;254,56;PL_IBENS-OTP-01;BIO_IB1;Biologie;IBENS
XD.01;120,00;;BIO_IB1;Biologie;IBENS
XD.01;225,56;;BIO_IB1;Biologie;IBENS
NA.77;149,00;OP22-017-OTP-01;BIO_IB_CR;Biologie;IBENS
NA.41;562,00;OP22-017-OTP-01;BIO_IB_CR;Biologie;IBENS
XD.61;40,00;OP22-017-OTP-01;BIO_IB_CR;Biologie;IBENS
DC.01;122,00;OP22-117-OTP-01;BIO_IB_CR;Biologie;IBENS
DC.11;1,40;OP22-117-OTP-01;BIO_IB_CR;Biologie;IBENS
NB.04;17,08;OP18-023-OTP-01;BIO_IB_CR;Biologie;IBENS
NB.73;30,17;OP18-023-OTP-01;BIO_IB_CR;Biologie;IBENS
NB.73;19,18;OP18-023-OTP-01;BIO_IB_CR;Biologie;IBENS
NB.16;44,60;OP18-023-OTP-01;BIO_IB_CR;Biologie;IBENS
NB.16;49,29;OP18-023-OTP-01;BIO_IB_CR;Biologie;IBENS
NB.16;20,67;OP18-023-OTP-01;BIO_IB_CR;Biologie;IBENS
XC.01;100,00;OP22-117-OTP-01;BIO_IB_CR;Biologie;IBENS
HB.01;3 958,00;;BIO_IB1;Biologie;IBENS
DB.11;1 090,91;;BIO_IB1;Biologie;IBENS
XD.19;14,08;;BIO_IB1;Biologie;IBENS
NA.25;282,00;OP22-017-OTP-01;BIO_IB_CR;Biologie;IBENS
NA.25;348,75;OP22-017-OTP-01;BIO_IB_CR;Biologie;IBENS
NA.25;48,00;OP22-017-OTP-01;BIO_IB_CR;Biologie;IBENS
NB.02;363,68;OP20-061-OTP-01;BIO_IB_CR;Biologie;IBENS
NB.11;110,44;OP20-061-OTP-01;BIO_IB_CR;Biologie;IBENS
NB.83;1,00;PL_IBENS-OTP-01;BIO_IB1;Biologie;IBENS
AC.31;48,33;OP16-045-OTP-01;BIO_IB_CR;Biologie;IBENS
FB.01;54,72;OP18-109-OTP-01;BIO_IB_CR;Biologie;IBENS
KB.02;3 598,44;PL_IBENS-OTP-01;BIO_IB1;Biologie;IBENS
FB.02;79,22;OP19-118-OTP-01;BIO_IB_CR;Biologie;IBENS
FB.02;17,43;OP19-118-OTP-01;BIO_IB_CR;Biologie;IBENS
FB.02;1,00;OP19-118-OTP-01;BIO_IB_CR;Biologie;IBENS
XD.63;6,60;OP19-118-OTP-01;BIO_IB_CR;Biologie;IBENS
NC.58;8 100,00;OP19-121-OTP-01;BIO_IB_CR;Biologie;IBENS
XD.61;36,00;OP19-121-OTP-01;BIO_IB_CR;Biologie;IBENS
XD.61;15,00;OP19-121-OTP-01;BIO_IB_CR;Biologie;IBENS
XD.61;25,00;OP19-121-OTP-01;BIO_IB_CR;Biologie;IBENS
NC.58;7 606,68;OP19-121-OTP-01;BIO_IB_CR;Biologie;IBENS
XD.61;33,81;OP19-121-OTP-01;BIO_IB_CR;Biologie;IBENS
XD.61;14,09;OP19-121-OTP-01;BIO_IB_CR;Biologie;IBENS
XD.61;23,48;OP19-121-OTP-01;BIO_IB_CR;Biologie;IBENS
IB.12;697,06;OP19-116-OTP-01;BIO_IB_CR;Biologie;IBENS
FB.02;312,05;OP18-023-OTP-01;BIO_IB_CR;Biologie;IBENS
FB.02;95,81;OP18-023-OTP-01;BIO_IB_CR;Biologie;IBENS
FB.02;5,45;OP18-023-OTP-01;BIO_IB_CR;Biologie;IBENS
FB.02;2,09;OP18-023-OTP-01;BIO_IB_CR;Biologie;IBENS
NA.25;209,70;OP19-127-OTP-01;BIO_IB_CR;Biologie;IBENS
XD.61;40,00;OP19-127-OTP-01;BIO_IB_CR;Biologie;IBENS
NA.51;47,52;PL_GENOM-OTP-01;BIO_IB1;Biologie;IBENS
NA.51;71,52;PL_GENOM-OTP-01;BIO_IB1;Biologie;IBENS
XD.61;7,62;PL_GENOM-OTP-01;BIO_IB1;Biologie;IBENS
NA.52;585,90;PL_GENOM-OTP-01;BIO_IB1;Biologie;IBENS
XD.61;48,00;PL_GENOM-OTP-01;BIO_IB1;Biologie;IBENS
XC.21;20 000,00;OP16-045-OTP-01;BIO_IB_CR;Biologie;IBENS
XC.21;1 000,00;OP16-045-OTP-01;BIO_IB_CR;Biologie;IBENS
KA.02;103,92;OP19-121-OTP-01;BIO_IB_CR;Biologie;IBENS
FA.02;9,94;OP19-121-OTP-01;BIO_IB_CR;Biologie;IBENS
FC.11;17,21;OP19-121-OTP-01;BIO_IB_CR;Biologie;IBENS
FB.02;23,00;PL_GENOM-OTP-01;BIO_IB1;Biologie;IBENS
XD.63;5,00;OP20-024-OTP-01;BIO_IB_CR;Biologie;IBENS
FC.15;0,90;OP20-024-OTP-01;BIO_IB_CR;Biologie;IBENS
FC.15;68,20;OP20-024-OTP-01;BIO_IB_CR;Biologie;IBENS
FC.15;14,66;OP20-024-OTP-01;BIO_IB_CR;Biologie;IBENS
FC.15;1,00;OP20-024-OTP-01;BIO_IB_CR;Biologie;IBENS
FC.15;79,22;OP20-024-OTP-01;BIO_IB_CR;Biologie;IBENS
FC.15;17,42;OP20-024-OTP-01;BIO_IB_CR;Biologie;IBENS
XC.02;65,00;;BIO_IB1;Biologie;IBENS
FC.15;1,00;OP20-024-OTP-01;BIO_IB_CR;Biologie;IBENS
FC.15;153,06;OP20-024-OTP-01;BIO_IB_CR;Biologie;IBENS
FC.15;34,28;OP20-024-OTP-01;BIO_IB_CR;Biologie;IBENS
FC.15;0,99;OP20-024-OTP-01;BIO_IB_CR;Biologie;IBENS
FC.15;82,90;OP20-024-OTP-01;BIO_IB_CR;Biologie;IBENS
FC.15;19,50;OP20-024-OTP-01;BIO_IB_CR;Biologie;IBENS
FC.15;0,90;OP20-024-OTP-01;BIO_IB_CR;Biologie;IBENS
FC.15;76,70;OP20-024-OTP-01;BIO_IB_CR;Biologie;IBENS
FC.15;22,89;OP20-024-OTP-01;BIO_IB_CR;Biologie;IBENS
MA.45;395,00;PL_IBENS-OTP-01;BIO_IB1;Biologie;IBENS
NB.02;235,80;OP20-061-OTP-01;BIO_IB_CR;Biologie;IBENS
NB.02;141,48;OP20-061-OTP-01;BIO_IB_CR;Biologie;IBENS
FB.01;412,23;OP18-109-OTP-01;BIO_IB_CR;Biologie;IBENS
RA.23;9,34;PL_IBENS-OTP-01;BIO_IB1;Biologie;IBENS
RA.23;3,60;PL_IBENS-OTP-01;BIO_IB1;Biologie;IBENS
RA.23;1,90;PL_IBENS-OTP-01;BIO_IB1;Biologie;IBENS
RA.23;12,28;PL_IBENS-OTP-01;BIO_IB1;Biologie;IBENS
TB.12;5,56;PL_IBENS-OTP-01;BIO_IB1;Biologie;IBENS
RA.23;12,73;PL_IBENS-OTP-01;BIO_IB1;Biologie;IBENS
RA.23;7,56;PL_IBENS-OTP-01;BIO_IB1;Biologie;IBENS
RA.23;4,25;PL_IBENS-OTP-01;BIO_IB1;Biologie;IBENS
RA.23;3,79;PL_IBENS-OTP-01;BIO_IB1;Biologie;IBENS
RA.23;4,92;PL_IBENS-OTP-01;BIO_IB1;Biologie;IBENS
RA.23;3,96;PL_IBENS-OTP-01;BIO_IB1;Biologie;IBENS
RA.23;9,18;PL_IBENS-OTP-01;BIO_IB1;Biologie;IBENS
RA.23;13,20;PL_IBENS-OTP-01;BIO_IB1;Biologie;IBENS
RA.03;14,54;PL_IBENS-OTP-01;BIO_IB1;Biologie;IBENS
RA.03;34,49;PL_IBENS-OTP-01;BIO_IB1;Biologie;IBENS
BE.17;200,00;;BIO_IB1;Biologie;IBENS
BE.17;350,00;;BIO_IB1;Biologie;IBENS
NB.79;290,03;OP23-001-OTP-01;BIO_IB_CR;Biologie;IBENS
NA.55;2 987,92;OP23-001-OTP-01;BIO_IB_CR;Biologie;IBENS
NA.55;1 098,80;OP23-001-OTP-01;BIO_IB_CR;Biologie;IBENS
XD.61;48,00;OP23-001-OTP-01;BIO_IB_CR;Biologie;IBENS
NE.01;175,00;OP19-029-OTP-01;BIO_IB_CR;Biologie;IBENS
NA.51;51,00;OP19-029-OTP-01;BIO_IB_CR;Biologie;IBENS
NB.23;2 671,68;OP23-001-OTP-01;BIO_IB_CR;Biologie;IBENS
XD.61;22,00;OP23-001-OTP-01;BIO_IB_CR;Biologie;IBENS
XD.63;15,00;OP19-029-OTP-01;BIO_IB_CR;Biologie;IBENS
XD.63;33,00;OP19-029-OTP-01;BIO_IB_CR;Biologie;IBENS
XD.32;307,13;OP16-045-OTP-01;BIO_IB_CR;Biologie;IBENS
XD.32;614,26;OP16-045-OTP-01;BIO_IB_CR;Biologie;IBENS
XD.32;614,26;OP16-045-OTP-01;BIO_IB_CR;Biologie;IBENS
XD.32;614,26;OP16-045-OTP-01;BIO_IB_CR;Biologie;IBENS
XD.32;614,26;OP16-045-OTP-01;BIO_IB_CR;Biologie;IBENS
XD.32;327,60;OP16-045-OTP-01;BIO_IB_CR;Biologie;IBENS
XC.01;70,00;OP19-121-OTP-01;BIO_IB_CR;Biologie;IBENS
CE.11;79,00;PL_IBENS-OTP-01;BIO_IB1;Biologie;IBENS
II.02;26,57;;BIO_IB1;Biologie;IBENS
NA.28;216,00;OP22-017-OTP-01;BIO_IB_CR;Biologie;IBENS
XD.61;26,00;OP22-017-OTP-01;BIO_IB_CR;Biologie;IBENS
XD.32;307,13;OP16-045-OTP-01;BIO_IB_CR;Biologie;IBENS
XD.32;614,26;OP16-045-OTP-01;BIO_IB_CR;Biologie;IBENS
XD.32;614,26;OP16-045-OTP-01;BIO_IB_CR;Biologie;IBENS
XD.32;614,26;OP16-045-OTP-01;BIO_IB_CR;Biologie;IBENS
XD.32;614,26;OP16-045-OTP-01;BIO_IB_CR;Biologie;IBENS
XD.32;327,60;OP16-045-OTP-01;BIO_IB_CR;Biologie;IBENS
XC.01;390,00;OP22-017-OTP-01;BIO_IB_CR;Biologie;IBENS
NB.02;796,95;OP22-102-OTP-01;BIO_IB_CR;Biologie;IBENS
NB.02;263,60;OP22-102-OTP-01;BIO_IB_CR;Biologie;IBENS
NB.02;39,00;OP22-102-OTP-01;BIO_IB_CR;Biologie;IBENS
NB.02;39,00;OP22-102-OTP-01;BIO_IB_CR;Biologie;IBENS
NB.02;78,00;OP22-102-OTP-01;BIO_IB_CR;Biologie;IBENS
ND.01;636,48;PL_GENOM-OTP-01;BIO_IB1;Biologie;IBENS
ND.01;310,50;PL_GENOM-OTP-01;BIO_IB1;Biologie;IBENS
BE.15;656,85;;BIO_IB1;Biologie;IBENS
BE.15;625,00;;BIO_IB1;Biologie;IBENS
BE.15;317,00;;BIO_IB1;Biologie;IBENS
NA.31;3 895,20;OP22-102-OTP-01;BIO_IB_CR;Biologie;IBENS
NA.31;3 567,60;OP22-102-OTP-01;BIO_IB_CR;Biologie;IBENS
NA.31;2 458,80;OP22-102-OTP-01;BIO_IB_CR;Biologie;IBENS
NC.58;221,31;OP20-061-OTP-01;BIO_IB_CR;Biologie;IBENS
XD.61;12,00;OP20-061-OTP-01;BIO_IB_CR;Biologie;IBENS
XD.32;368,56;OP22-017-OTP-01;BIO_IB_CR;Biologie;IBENS
XD.32;9,13;OP22-017-OTP-01;BIO_IB_CR;Biologie;IBENS
XD.32;614,26;OP22-017-OTP-01;BIO_IB_CR;Biologie;IBENS
XD.32;15,21;OP22-017-OTP-01;BIO_IB_CR;Biologie;IBENS
XD.32;614,26;OP22-017-OTP-01;BIO_IB_CR;Biologie;IBENS
XD.32;15,21;OP22-017-OTP-01;BIO_IB_CR;Biologie;IBENS
XD.32;614,26;OP22-017-OTP-01;BIO_IB_CR;Biologie;IBENS
XD.32;15,21;OP22-017-OTP-01;BIO_IB_CR;Biologie;IBENS
XD.32;614,26;OP22-017-OTP-01;BIO_IB_CR;Biologie;IBENS
XD.32;15,21;OP22-017-OTP-01;BIO_IB_CR;Biologie;IBENS
XD.32;429,98;OP22-017-OTP-01;BIO_IB_CR;Biologie;IBENS
XD.32;10,65;OP22-017-OTP-01;BIO_IB_CR;Biologie;IBENS
JA.12;472,35;PL_IBENS-OTP-01;BIO_IB1;Biologie;IBENS
JA.12;83,50;PL_IBENS-OTP-01;BIO_IB1;Biologie;IBENS
JA.12;271,20;PL_IBENS-OTP-01;BIO_IB1;Biologie;IBENS
JA.12;73,45;PL_IBENS-OTP-01;BIO_IB1;Biologie;IBENS
NB.43;43,00;OP20-024-OTP-01;BIO_IB_CR;Biologie;IBENS
XD.61;43,00;OP20-024-OTP-01;BIO_IB_CR;Biologie;IBENS
NA.41;395,00;OP16-045-OTP-01;BIO_IB_CR;Biologie;IBENS
XD.61;15,00;OP16-045-OTP-01;BIO_IB_CR;Biologie;IBENS
NA.31;1 688,40;OP22-102-OTP-01;BIO_IB_CR;Biologie;IBENS
ND.21;6 408,00;OP22-102-OTP-01;BIO_IB_CR;Biologie;IBENS
ID.19;128,95;PL_GENOM-OTP-01;BIO_IB1;Biologie;IBENS
XC.02;147,48;OP22-017-OTP-01;BIO_IB_CR;Biologie;IBENS
NE.02;294,00;OP22-102-OTP-01;BIO_IB_CR;Biologie;IBENS
NE.02;18,00;OP22-102-OTP-01;BIO_IB_CR;Biologie;IBENS
NE.02;75,00;OP22-102-OTP-01;BIO_IB_CR;Biologie;IBENS
HA.01;170,00;PL_IBENS-OTP-01;BIO_IB1;Biologie;IBENS
HA.01;170,00;PL_IBENS-OTP-01;BIO_IB1;Biologie;IBENS
NB.35;117,04;PL_IBENS-OTP-01;BIO_IB1;Biologie;IBENS
NB.03;26,19;PL_IBENS-OTP-01;BIO_IB1;Biologie;IBENS
NB.03;29,88;PL_IBENS-OTP-01;BIO_IB1;Biologie;IBENS
NB.11;43,47;PL_IBENS-OTP-01;BIO_IB1;Biologie;IBENS
NB.11;89,30;PL_IBENS-OTP-01;BIO_IB1;Biologie;IBENS
NB.11;297,90;PL_IBENS-OTP-01;BIO_IB1;Biologie;IBENS
NB.02;89,96;PL_IBENS-OTP-01;BIO_IB1;Biologie;IBENS
NB.04;94,59;PL_IBENS-OTP-01;BIO_IB1;Biologie;IBENS
NB.17;98,00;PL_IBENS-OTP-01;BIO_IB1;Biologie;IBENS
NB.04;48,46;PL_IBENS-OTP-01;BIO_IB1;Biologie;IBENS
NB.04;46,72;PL_IBENS-OTP-01;BIO_IB1;Biologie;IBENS
HA.01;170,00;PL_IBENS-OTP-01;BIO_IB1;Biologie;IBENS
NC.01;1 061,00;OP22-102-OTP-01;BIO_IB_CR;Biologie;IBENS
XD.61;43,00;OP22-102-OTP-01;BIO_IB_CR;Biologie;IBENS
ND.13;47,76;;BIO_IB1;Biologie;IBENS
ND.13;425,78;;BIO_IB1;Biologie;IBENS
ND.13;134,08;;BIO_IB1;Biologie;IBENS
ND.13;52,92;;BIO_IB1;Biologie;IBENS
IA.12;443,88;OP16-045-OTP-01;BIO_IB_CR;Biologie;IBENS
IA.12;295,92;OP16-045-OTP-01;BIO_IB_CR;Biologie;IBENS
IB.12;337,60;OP16-045-OTP-01;BIO_IB_CR;Biologie;IBENS
IB.12;337,60;OP16-045-OTP-01;BIO_IB_CR;Biologie;IBENS
ND.01;92,25;;BIO_IB1;Biologie;IBENS
XD.01;120,00;;BIO_IB1;Biologie;IBENS
XD.01;225,56;;BIO_IB1;Biologie;IBENS
BE.01;29 757,34;OP20-124-OTP-01;BIO_IB_CR;Biologie;IBENS
BE.07;0,01;OP20-124-OTP-01;BIO_IB_CR;Biologie;IBENS
XD.32;368,56;OP22-017-OTP-01;BIO_IB_CR;Biologie;IBENS
XD.32;9,13;OP22-017-OTP-01;BIO_IB_CR;Biologie;IBENS
XD.32;614,26;OP22-017-OTP-01;BIO_IB_CR;Biologie;IBENS
XD.32;15,21;OP22-017-OTP-01;BIO_IB_CR;Biologie;IBENS
XD.32;614,26;OP22-017-OTP-01;BIO_IB_CR;Biologie;IBENS
XD.32;15,21;OP22-017-OTP-01;BIO_IB_CR;Biologie;IBENS
XD.32;614,26;OP22-017-OTP-01;BIO_IB_CR;Biologie;IBENS
XD.32;15,21;OP22-017-OTP-01;BIO_IB_CR;Biologie;IBENS
XD.32;614,26;OP22-017-OTP-01;BIO_IB_CR;Biologie;IBENS
XD.32;15,21;OP22-017-OTP-01;BIO_IB_CR;Biologie;IBENS
XD.32;429,98;OP22-017-OTP-01;BIO_IB_CR;Biologie;IBENS
XD.32;10,65;OP22-017-OTP-01;BIO_IB_CR;Biologie;IBENS
BB.31;1 780,07;;BIO_IB1;Biologie;IBENS
BB.31;1 365,85;;BIO_IB1;Biologie;IBENS
BB.31;1 257,09;;BIO_IB1;Biologie;IBENS
BB.31;1 958,60;;BIO_IB1;Biologie;IBENS
NA.31;190,00;OP22-102-OTP-01;BIO_IB_CR;Biologie;IBENS
NA.31;140,00;OP22-102-OTP-01;BIO_IB_CR;Biologie;IBENS
XD.61;47,00;OP22-102-OTP-01;BIO_IB_CR;Biologie;IBENS
AA.66;308,90;;BIO_IB1;Biologie;IBENS
AA.66;196,00;;BIO_IB1;Biologie;IBENS
AA.66;464,40;;BIO_IB1;Biologie;IBENS
AA.66;330,80;;BIO_IB1;Biologie;IBENS
AA.66;2 000,00;;BIO_IB1;Biologie;IBENS
LA.05;17,62;PL_IBENS-OTP-01;BIO_IB1;Biologie;IBENS
LA.05;7,76;PL_IBENS-OTP-01;BIO_IB1;Biologie;IBENS
LA.05;82,35;PL_IBENS-OTP-01;BIO_IB1;Biologie;IBENS
XD.61;47,70;PL_IBENS-OTP-01;BIO_IB1;Biologie;IBENS
HA.01;83,55;OP22-017-OTP-01;BIO_IB_CR;Biologie;IBENS
HA.01;167,10;OP22-017-OTP-01;BIO_IB_CR;Biologie;IBENS
NB.11;170,58;OP22-017-OTP-01;BIO_IB_CR;Biologie;IBENS
HA.11;497,42;OP22-017-OTP-01;BIO_IB_CR;Biologie;IBENS
BB.02;9,72;OP22-017-OTP-01;BIO_IB_CR;Biologie;IBENS
NB.22;56,84;OP20-061-OTP-01;BIO_IB_CR;Biologie;IBENS
BE.15;1 091,83;;BIO_IB1;Biologie;IBENS
BE.15;249,60;;BIO_IB1;Biologie;IBENS
BE.15;62,40;;BIO_IB1;Biologie;IBENS
RA.19;89,37;PL_IBENS-OTP-01;BIO_IB1;Biologie;IBENS
RA.19;41,63;PL_IBENS-OTP-01;BIO_IB1;Biologie;IBENS
RA.19;38,00;PL_IBENS-OTP-01;BIO_IB1;Biologie;IBENS
RA.19;46,00;PL_IBENS-OTP-01;BIO_IB1;Biologie;IBENS
RA.19;109,50;PL_IBENS-OTP-01;BIO_IB1;Biologie;IBENS
RA.19;5,00;PL_IBENS-OTP-01;BIO_IB1;Biologie;IBENS
XD.61;32,00;PL_IBENS-OTP-01;BIO_IB1;Biologie;IBENS
EC.01;1 770,00;OP20-061-OTP-01;BIO_IB_CR;Biologie;IBENS
EC.01;1 850,00;OP22-017-OTP-01;BIO_IB_CR;Biologie;IBENS
RA.17;459,97;OP21-090-OTP-01;BIO_IB_CR;Biologie;IBENS
XC.01;545,45;OP21-045-OTP-01;BIO_IB_CR;Biologie;IBENS
NB.43;249,00;OP22-120-OTP-01;BIO_IB_CR;Biologie;IBENS
XD.61;30,00;OP22-120-OTP-01;BIO_IB_CR;Biologie;IBENS
KA.02;129,90;OP19-121-OTP-01;BIO_IB_CR;Biologie;IBENS
FA.02;9,94;OP19-121-OTP-01;BIO_IB_CR;Biologie;IBENS
FC.11;17,21;OP19-121-OTP-01;BIO_IB_CR;Biologie;IBENS
NA.81;28,52;OP19-118-OTP-01;BIO_IB_CR;Biologie;IBENS
FB.02;0,94;OP19-121-OTP-01;BIO_IB_CR;Biologie;IBENS
FB.02;110,83;OP19-121-OTP-01;BIO_IB_CR;Biologie;IBENS
FB.02;20,68;OP19-121-OTP-01;BIO_IB_CR;Biologie;IBENS
FB.02;98,13;OP19-121-OTP-01;BIO_IB_CR;Biologie;IBENS
FB.02;51,07;OP20-061-OTP-01;BIO_IB_CR;Biologie;IBENS
FB.02;14,30;OP20-061-OTP-01;BIO_IB_CR;Biologie;IBENS
NA.31;1 710,00;OP22-102-OTP-01;BIO_IB_CR;Biologie;IBENS
NA.31;715,00;OP22-102-OTP-01;BIO_IB_CR;Biologie;IBENS
NA.31;400,00;OP22-102-OTP-01;BIO_IB_CR;Biologie;IBENS
NA.31;415,00;OP22-102-OTP-01;BIO_IB_CR;Biologie;IBENS
XD.61;94,00;OP22-102-OTP-01;BIO_IB_CR;Biologie;IBENS
ND.21;3 052,20;;BIO_IB1;Biologie;IBENS
SH.11;4 031,28;OP16-045-OTP-01;BIO_IB_CR;Biologie;IBENS
OC.04;6 000,00;OP18-023-OTP-01;BIO_IB_CR;Biologie;IBENS
OC.04;2 000,00;OP18-023-OTP-01;BIO_IB_CR;Biologie;IBENS
SH.11;381,60;OP16-045-OTP-01;BIO_IB_CR;Biologie;IBENS
QA.11;249,00;PL_IBENS-OTP-01;BIO_IB1;Biologie;IBENS
XD.61;79,00;PL_IBENS-OTP-01;BIO_IB1;Biologie;IBENS
ND.11;4 280,00;;BIO_IB1;Biologie;IBENS
JB.11;1 788,60;;BIO_IB1;Biologie;IBENS
IA.24;66,63;PL_IBENS-OTP-01;BIO_IB1;Biologie;IBENS
IA.24;12,46;PL_IBENS-OTP-01;BIO_IB1;Biologie;IBENS
IA.24;10,79;PL_IBENS-OTP-01;BIO_IB1;Biologie;IBENS
IA.24;22,46;PL_IBENS-OTP-01;BIO_IB1;Biologie;IBENS
TB.11;408,29;PL_IBENS-OTP-01;BIO_IB1;Biologie;IBENS
IA.24;16,50;PL_IBENS-OTP-01;BIO_IB1;Biologie;IBENS
XD.61;18,29;PL_IBENS-OTP-01;BIO_IB1;Biologie;IBENS
IA.24;80,04;OP22-102-OTP-01;BIO_IB_CR;Biologie;IBENS
IA.24;132,04;OP22-102-OTP-01;BIO_IB_CR;Biologie;IBENS
IA.22;112,99;OP22-102-OTP-01;BIO_IB_CR;Biologie;IBENS
IA.22;112,60;OP22-102-OTP-01;BIO_IB_CR;Biologie;IBENS
IA.24;38,88;OP22-102-OTP-01;BIO_IB_CR;Biologie;IBENS
NA.31;5 086,90;OP22-102-OTP-01;BIO_IB_CR;Biologie;IBENS
NA.31;3 973,10;PL_GENOM-OTP-01;BIO_IB1;Biologie;IBENS
XD.61;94,00;PL_GENOM-OTP-01;BIO_IB1;Biologie;IBENS
OA.21;846,00;OP19-121-OTP-01;BIO_IB_CR;Biologie;IBENS
XD.61;30,00;OP19-121-OTP-01;BIO_IB_CR;Biologie;IBENS
ND.11;780,00;;BIO_IB1;Biologie;IBENS
NA.54;209,00;PL_GENOM-OTP-01;BIO_IB1;Biologie;IBENS
NA.54;342,00;PL_GENOM-OTP-01;BIO_IB1;Biologie;IBENS
NA.54;184,00;PL_GENOM-OTP-01;BIO_IB1;Biologie;IBENS
NA.54;350,00;PL_GENOM-OTP-01;BIO_IB1;Biologie;IBENS
NA.54;278,00;PL_GENOM-OTP-01;BIO_IB1;Biologie;IBENS
MA.44;481,29;OP16-045-OTP-01;BIO_IB_CR;Biologie;IBENS
XD.61;18,00;OP16-045-OTP-01;BIO_IB_CR;Biologie;IBENS
IE.36;874,17;OP19-116-OTP-01;BIO_IB_CR;Biologie;IBENS
IE.36;208,33;OP19-116-OTP-01;BIO_IB_CR;Biologie;IBENS
IE.36;416,66;OP19-116-OTP-01;BIO_IB_CR;Biologie;IBENS
IE.36;50,00;OP19-116-OTP-01;BIO_IB_CR;Biologie;IBENS
IE.36;16,66;OP19-116-OTP-01;BIO_IB_CR;Biologie;IBENS
FB.01;6,77;OP18-023-OTP-01;BIO_IB_CR;Biologie;IBENS
FA.03;999,00;;BIO_IB1;Biologie;IBENS
FA.03;189,00;;BIO_IB1;Biologie;IBENS
NC.01;1 355,34;PL_GENOM-OTP-01;BIO_IB1;Biologie;IBENS
XD.61;43,00;PL_GENOM-OTP-01;BIO_IB1;Biologie;IBENS
NA.31;351,00;PL_GENOM-OTP-01;BIO_IB1;Biologie;IBENS
NA.26;127,00;OP20-061-OTP-01;BIO_IB_CR;Biologie;IBENS
NA.28;48,50;OP20-061-OTP-01;BIO_IB_CR;Biologie;IBENS
NA.21;198,00;OP20-061-OTP-01;BIO_IB_CR;Biologie;IBENS
XD.61;40,00;OP20-061-OTP-01;BIO_IB_CR;Biologie;IBENS
NA.31;1 947,60;PL_GENOM-OTP-01;BIO_IB1;Biologie;IBENS
NA.31;1 229,40;PL_GENOM-OTP-01;BIO_IB1;Biologie;IBENS
NA.31;474,00;PL_GENOM-OTP-01;BIO_IB1;Biologie;IBENS
NA.31;474,00;PL_GENOM-OTP-01;BIO_IB1;Biologie;IBENS
DC.01;283,42;OP18-109-OTP-01;BIO_IB_CR;Biologie;IBENS
DC.01;7,80;OP18-109-OTP-01;BIO_IB_CR;Biologie;IBENS
GA.05;146,13;OP20-061-OTP-01;BIO_IB_CR;Biologie;IBENS
GA.09;273,96;OP20-061-OTP-01;BIO_IB_CR;Biologie;IBENS
GA.04;18,82;OP20-061-OTP-01;BIO_IB_CR;Biologie;IBENS
KE.12;22,00;OP18-023-OTP-01;BIO_IB_CR;Biologie;IBENS
KE.12;104,00;OP18-023-OTP-01;BIO_IB_CR;Biologie;IBENS
KE.12;229,00;OP18-023-OTP-01;BIO_IB_CR;Biologie;IBENS
KE.12;82,00;OP18-023-OTP-01;BIO_IB_CR;Biologie;IBENS
KE.12;52,50;OP18-023-OTP-01;BIO_IB_CR;Biologie;IBENS
KE.12;65,00;OP18-023-OTP-01;BIO_IB_CR;Biologie;IBENS
KE.12;69,00;OP18-023-OTP-01;BIO_IB_CR;Biologie;IBENS
KE.12;89,00;OP18-023-OTP-01;BIO_IB_CR;Biologie;IBENS
KE.12;77,50;OP18-023-OTP-01;BIO_IB_CR;Biologie;IBENS
KE.12;19,00;OP18-023-OTP-01;BIO_IB_CR;Biologie;IBENS
KE.12;53,50;OP18-023-OTP-01;BIO_IB_CR;Biologie;IBENS
KE.12;67,00;OP18-023-OTP-01;BIO_IB_CR;Biologie;IBENS
KE.12;59,00;OP18-023-OTP-01;BIO_IB_CR;Biologie;IBENS
KE.12;62,00;OP18-023-OTP-01;BIO_IB_CR;Biologie;IBENS
KE.12;26,50;OP18-023-OTP-01;BIO_IB_CR;Biologie;IBENS
XD.61;19,50;OP18-023-OTP-01;BIO_IB_CR;Biologie;IBENS
XC.14;1 479,00;OP21-045-OTP-01;BIO_IB_CR;Biologie;IBENS
LA.05;96,05;PL_IBENS-OTP-01;BIO_IB1;Biologie;IBENS
LA.05;15,80;PL_IBENS-OTP-01;BIO_IB1;Biologie;IBENS
LA.05;4,49;PL_IBENS-OTP-01;BIO_IB1;Biologie;IBENS
LA.05;204,72;PL_IBENS-OTP-01;BIO_IB1;Biologie;IBENS
XD.61;47,70;PL_IBENS-OTP-01;BIO_IB1;Biologie;IBENS
GA.05;97,42;OP20-024-OTP-01;BIO_IB_CR;Biologie;IBENS
MA.02;246,00;OP18-023-OTP-01;BIO_IB_CR;Biologie;IBENS
MA.02;246,00;OP18-023-OTP-01;BIO_IB_CR;Biologie;IBENS
NB.11;456,20;OP18-109-OTP-01;BIO_IB_CR;Biologie;IBENS
NB.11;456,20;OP18-109-OTP-01;BIO_IB_CR;Biologie;IBENS
NB.11;891,60;OP18-109-OTP-01;BIO_IB_CR;Biologie;IBENS
AC.31;16,67;OP18-023-OTP-01;BIO_IB_CR;Biologie;IBENS
AC.31;5,00;OP18-023-OTP-01;BIO_IB_CR;Biologie;IBENS
DC.01;391,52;OP21-045-OTP-01;BIO_IB_CR;Biologie;IBENS
DC.01;194,00;OP22-017-OTP-01;BIO_IB_CR;Biologie;IBENS
NB.13;94,52;OP22-017-OTP-01;BIO_IB_CR;Biologie;IBENS
HA.01;43,38;OP22-017-OTP-01;BIO_IB_CR;Biologie;IBENS
HA.01;76,14;OP22-017-OTP-01;BIO_IB_CR;Biologie;IBENS
NB.14;85,13;OP22-017-OTP-01;BIO_IB_CR;Biologie;IBENS
IA.23;249,17;OP19-121-OTP-01;BIO_IB_CR;Biologie;IBENS
IA.23;1 495,85;OP19-121-OTP-01;BIO_IB_CR;Biologie;IBENS
XD.61;15,53;OP19-121-OTP-01;BIO_IB_CR;Biologie;IBENS
NA.25;93,60;OP22-017-OTP-01;BIO_IB_CR;Biologie;IBENS
NA.74;117,00;OP22-017-OTP-01;BIO_IB_CR;Biologie;IBENS
NA.74;61,20;OP22-017-OTP-01;BIO_IB_CR;Biologie;IBENS
DC.01;112,00;OP19-127-OTP-01;BIO_IB_CR;Biologie;IBENS
DC.01;336,37;OP19-127-OTP-01;BIO_IB_CR;Biologie;IBENS
NA.55;2 152,54;OP23-001-OTP-01;BIO_IB_CR;Biologie;IBENS
XD.61;48,00;OP23-001-OTP-01;BIO_IB_CR;Biologie;IBENS
NA.52;1 335,84;OP23-001-OTP-01;BIO_IB_CR;Biologie;IBENS
NA.52;797,28;OP23-001-OTP-01;BIO_IB_CR;Biologie;IBENS
XD.61;22,00;OP23-001-OTP-01;BIO_IB_CR;Biologie;IBENS
NB.03;263,70;OP23-001-OTP-01;BIO_IB_CR;Biologie;IBENS
XC.01;291,67;OP23-001-OTP-01;BIO_IB_CR;Biologie;IBENS
XC.21;100 000,00;OP16-045-OTP-01;BIO_IB_CR;Biologie;IBENS
XC.21;3 000,00;OP16-045-OTP-01;BIO_IB_CR;Biologie;IBENS
DC.01;514,00;;BIO_IB1;Biologie;IBENS
DC.01;11,28;;BIO_IB1;Biologie;IBENS
DC.01;84,00;;BIO_IB1;Biologie;IBENS
DC.01;1 080,00;;BIO_IB1;Biologie;IBENS
MA.01;508,00;OP16-045-OTP-01;BIO_IB_CR;Biologie;IBENS
NA.71;56,73;OP16-045-OTP-01;BIO_IB_CR;Biologie;IBENS
NA.71;196,02;OP16-045-OTP-01;BIO_IB_CR;Biologie;IBENS
NA.81;278,00;OP16-045-OTP-01;BIO_IB_CR;Biologie;IBENS
NA.54;370,00;OP16-045-OTP-01;BIO_IB_CR;Biologie;IBENS
NA.53;45,82;OP16-045-OTP-01;BIO_IB_CR;Biologie;IBENS
XD.61;48,00;OP16-045-OTP-01;BIO_IB_CR;Biologie;IBENS
JA.03;288,34;OP19-121-OTP-01;BIO_IB_CR;Biologie;IBENS
JA.03;78,33;OP19-121-OTP-01;BIO_IB_CR;Biologie;IBENS
JA.03;25,83;OP19-121-OTP-01;BIO_IB_CR;Biologie;IBENS
JA.03;125,00;OP19-121-OTP-01;BIO_IB_CR;Biologie;IBENS
JA.03;43,34;OP19-121-OTP-01;BIO_IB_CR;Biologie;IBENS
JA.03;66,68;OP19-121-OTP-01;BIO_IB_CR;Biologie;IBENS
JA.03;57,50;OP19-121-OTP-01;BIO_IB_CR;Biologie;IBENS
JA.03;41,68;OP19-121-OTP-01;BIO_IB_CR;Biologie;IBENS
JA.03;16,66;OP19-121-OTP-01;BIO_IB_CR;Biologie;IBENS
JA.03;83,32;OP19-121-OTP-01;BIO_IB_CR;Biologie;IBENS
JA.03;21,64;OP19-121-OTP-01;BIO_IB_CR;Biologie;IBENS
JA.03;5,82;OP19-121-OTP-01;BIO_IB_CR;Biologie;IBENS
JA.03;33,32;OP19-121-OTP-01;BIO_IB_CR;Biologie;IBENS
JA.03;2,50;OP19-121-OTP-01;BIO_IB_CR;Biologie;IBENS
JA.03;33,32;OP19-121-OTP-01;BIO_IB_CR;Biologie;IBENS
JA.03;9,98;OP19-121-OTP-01;BIO_IB_CR;Biologie;IBENS
JA.03;6,64;OP19-121-OTP-01;BIO_IB_CR;Biologie;IBENS
JA.03;12,48;OP19-121-OTP-01;BIO_IB_CR;Biologie;IBENS
JA.03;26,66;OP19-121-OTP-01;BIO_IB_CR;Biologie;IBENS
JA.03;3,33;OP19-121-OTP-01;BIO_IB_CR;Biologie;IBENS
JA.03;13,32;OP19-121-OTP-01;BIO_IB_CR;Biologie;IBENS
XD.61;99,17;OP19-121-OTP-01;BIO_IB_CR;Biologie;IBENS
BB.01;57,20;OP22-017-OTP-01;BIO_IB_CR;Biologie;IBENS
BB.02;60,36;OP22-017-OTP-01;BIO_IB_CR;Biologie;IBENS
BB.03;7,36;OP22-017-OTP-01;BIO_IB_CR;Biologie;IBENS
BB.02;42,83;OP22-017-OTP-01;BIO_IB_CR;Biologie;IBENS
XD.61;4,00;OP22-017-OTP-01;BIO_IB_CR;Biologie;IBENS
XC.21;25 000,00;OP16-045-OTP-01;BIO_IB_CR;Biologie;IBENS
XC.21;750,00;OP16-045-OTP-01;BIO_IB_CR;Biologie;IBENS
DC.01;155,00;OP20-061-OTP-01;BIO_IB_CR;Biologie;IBENS
DC.01;155,00;OP20-061-OTP-01;BIO_IB_CR;Biologie;IBENS
NB.04;18,78;OP22-017-OTP-01;BIO_IB_CR;Biologie;IBENS
NB.11;15,93;OP22-017-OTP-01;BIO_IB_CR;Biologie;IBENS
NB.11;102,12;OP22-017-OTP-01;BIO_IB_CR;Biologie;IBENS
NB.13;94,52;OP22-017-OTP-01;BIO_IB_CR;Biologie;IBENS
NB.35;77,28;OP22-017-OTP-01;BIO_IB_CR;Biologie;IBENS
NB.35;153,84;OP22-017-OTP-01;BIO_IB_CR;Biologie;IBENS
NB.11;57,90;OP22-017-OTP-01;BIO_IB_CR;Biologie;IBENS
NA.28;534,36;OP23-001-OTP-01;BIO_IB_CR;Biologie;IBENS
AC.31;31,67;OP20-024-OTP-01;BIO_IB_CR;Biologie;IBENS
GA.05;32,54;PL_IBENS-OTP-01;BIO_IB1;Biologie;IBENS
GA.05;71,95;PL_IBENS-OTP-01;BIO_IB1;Biologie;IBENS
GA.05;30,00;PL_IBENS-OTP-01;BIO_IB1;Biologie;IBENS
NB.84;1 082,50;PL_GENOM-OTP-01;BIO_IB1;Biologie;IBENS
XD.61;32,50;PL_GENOM-OTP-01;BIO_IB1;Biologie;IBENS
BB.31;1 728,55;;BIO_IB1;Biologie;IBENS
QC.01;118,80;PL_IBENS-OTP-01;BIO_IB1;Biologie;IBENS
QC.01;136,00;PL_IBENS-OTP-01;BIO_IB1;Biologie;IBENS
QC.01;224,75;PL_IBENS-OTP-01;BIO_IB1;Biologie;IBENS
QC.01;30,55;PL_IBENS-OTP-01;BIO_IB1;Biologie;IBENS
DC.01;782,85;OP22-103-OTP-01;BIO_IB_CR;Biologie;IBENS
ND.14;706,00;;BIO_IB1;Biologie;IBENS
IB.02;3 990,00;OP19-116-OTP-01;BIO_IB_CR;Biologie;IBENS
IB.02;1 995,00;OP19-116-OTP-01;BIO_IB_CR;Biologie;IBENS
IB.03;3 990,00;OP19-116-OTP-01;BIO_IB_CR;Biologie;IBENS
IB.03;1 995,00;OP19-116-OTP-01;BIO_IB_CR;Biologie;IBENS
NA.71;334,00;OP20-061-OTP-01;BIO_IB_CR;Biologie;IBENS
NA.32;480,00;OP20-061-OTP-01;BIO_IB_CR;Biologie;IBENS
AC.31;33,34;OP20-061-OTP-01;BIO_IB_CR;Biologie;IBENS
II.02;26,45;;BIO_IB1;Biologie;IBENS
FC.11;195,00;PL_IBENS-OTP-01;BIO_IB1;Biologie;IBENS
XD.61;5,00;PL_IBENS-OTP-01;BIO_IB1;Biologie;IBENS
OA.05;2 520,00;OP18-023-OTP-01;BIO_IB_CR;Biologie;IBENS
XD.61;30,00;OP18-023-OTP-01;BIO_IB_CR;Biologie;IBENS
XC.02;70,00;OP18-023-OTP-01;BIO_IB_CR;Biologie;IBENS
JA.13;1 072,00;PL_IBENS-OTP-01;BIO_IB1;Biologie;IBENS
JA.13;846,00;PL_IBENS-OTP-01;BIO_IB1;Biologie;IBENS
JA.13;32,00;PL_IBENS-OTP-01;BIO_IB1;Biologie;IBENS
OA.02;441,85;OP18-023-OTP-01;BIO_IB_CR;Biologie;IBENS
OA.15;1 180,39;OP18-023-OTP-01;BIO_IB_CR;Biologie;IBENS
OA.41;85,49;OP18-023-OTP-01;BIO_IB_CR;Biologie;IBENS
OA.41;40,23;OP18-023-OTP-01;BIO_IB_CR;Biologie;IBENS
OA.21;94,53;OP18-023-OTP-01;BIO_IB_CR;Biologie;IBENS
OA.21;96,09;OP18-023-OTP-01;BIO_IB_CR;Biologie;IBENS
OA.21;96,87;OP18-023-OTP-01;BIO_IB_CR;Biologie;IBENS
OA.21;140,80;OP18-023-OTP-01;BIO_IB_CR;Biologie;IBENS
HA.05;369,50;OP18-023-OTP-01;BIO_IB_CR;Biologie;IBENS
HA.05;207,57;OP18-023-OTP-01;BIO_IB_CR;Biologie;IBENS
OA.21;22,02;OP18-023-OTP-01;BIO_IB_CR;Biologie;IBENS
OA.21;22,02;OP18-023-OTP-01;BIO_IB_CR;Biologie;IBENS
OA.21;23,09;OP18-023-OTP-01;BIO_IB_CR;Biologie;IBENS
OA.21;24,11;OP18-023-OTP-01;BIO_IB_CR;Biologie;IBENS
OA.21;25,18;OP18-023-OTP-01;BIO_IB_CR;Biologie;IBENS
OA.21;19,68;OP18-023-OTP-01;BIO_IB_CR;Biologie;IBENS
OA.21;5,97;OP18-023-OTP-01;BIO_IB_CR;Biologie;IBENS
OA.21;5,49;OP18-023-OTP-01;BIO_IB_CR;Biologie;IBENS
OA.21;8,09;OP18-023-OTP-01;BIO_IB_CR;Biologie;IBENS
OA.21;8,09;OP18-023-OTP-01;BIO_IB_CR;Biologie;IBENS
OA.21;8,09;OP18-023-OTP-01;BIO_IB_CR;Biologie;IBENS
OA.21;9,21;OP18-023-OTP-01;BIO_IB_CR;Biologie;IBENS
OA.21;2,05;OP18-023-OTP-01;BIO_IB_CR;Biologie;IBENS
XD.61;11,21;OP18-023-OTP-01;BIO_IB_CR;Biologie;IBENS
IB.32;433,33;OP19-116-OTP-01;BIO_IB_CR;Biologie;IBENS
IA.24;277,00;OP19-116-OTP-01;BIO_IB_CR;Biologie;IBENS
RA.23;161,41;PL_IBENS-OTP-01;BIO_IB1;Biologie;IBENS
XC.01;1 234,00;OP20-061-OTP-01;BIO_IB_CR;Biologie;IBENS
XC.01;301,65;OP20-061-OTP-01;BIO_IB_CR;Biologie;IBENS
ID.19;27,44;PL_GENOM-OTP-01;BIO_IB1;Biologie;IBENS
KC.51;600,00;PL_IBENS-OTP-01;BIO_IB1;Biologie;IBENS
KC.51;824,00;PL_IBENS-OTP-01;BIO_IB1;Biologie;IBENS
KC.51;189,00;PL_IBENS-OTP-01;BIO_IB1;Biologie;IBENS
KC.51;204,36;PL_IBENS-OTP-01;BIO_IB1;Biologie;IBENS
KC.51;87,58;PL_IBENS-OTP-01;BIO_IB1;Biologie;IBENS
KC.51;77,84;PL_IBENS-OTP-01;BIO_IB1;Biologie;IBENS
XD.61;75,00;PL_IBENS-OTP-01;BIO_IB1;Biologie;IBENS
NA.31;5 842,80;PL_GENOM-OTP-01;BIO_IB1;Biologie;IBENS
XC.02;300,00;PL_GENOM-OTP-01;BIO_IB1;Biologie;IBENS
RB.02;22,40;OP19-127-OTP-01;BIO_IB_CR;Biologie;IBENS
XD.61;8,00;OP19-127-OTP-01;BIO_IB_CR;Biologie;IBENS
KA.02;103,92;OP19-121-OTP-01;BIO_IB_CR;Biologie;IBENS
FA.02;16,75;OP19-121-OTP-01;BIO_IB_CR;Biologie;IBENS
FC.11;17,21;OP19-121-OTP-01;BIO_IB_CR;Biologie;IBENS
SE.13;55,40;PL_GENOM-OTP-01;BIO_IB1;Biologie;IBENS
XD.61;48,00;PL_GENOM-OTP-01;BIO_IB1;Biologie;IBENS
HA.03;66,60;PL_GENOM-OTP-01;BIO_IB1;Biologie;IBENS
HA.03;66,60;PL_GENOM-OTP-01;BIO_IB1;Biologie;IBENS
HA.03;44,40;PL_GENOM-OTP-01;BIO_IB1;Biologie;IBENS
HA.03;100,00;PL_GENOM-OTP-01;BIO_IB1;Biologie;IBENS
HA.03;50,40;PL_GENOM-OTP-01;BIO_IB1;Biologie;IBENS
HA.03;50,40;PL_GENOM-OTP-01;BIO_IB1;Biologie;IBENS
DC.01;128,00;OP21-045-OTP-01;BIO_IB_CR;Biologie;IBENS
DC.01;224,54;OP21-045-OTP-01;BIO_IB_CR;Biologie;IBENS
DC.01;248,00;OP18-023-OTP-01;BIO_IB_CR;Biologie;IBENS
DC.01;102,96;OP18-023-OTP-01;BIO_IB_CR;Biologie;IBENS
NA.54;486,72;OP23-001-OTP-01;BIO_IB_CR;Biologie;IBENS
NB.15;566,04;OP23-001-OTP-01;BIO_IB_CR;Biologie;IBENS
XD.32;286,65;OP20-030-OTP-01;BIO_IB_CR;Biologie;IBENS
XD.32;614,26;OP20-030-OTP-01;BIO_IB_CR;Biologie;IBENS
XD.32;38,54;OP20-030-OTP-01;BIO_IB_CR;Biologie;IBENS
XD.32;614,26;OP20-030-OTP-01;BIO_IB_CR;Biologie;IBENS
XD.32;38,54;OP20-030-OTP-01;BIO_IB_CR;Biologie;IBENS
XD.32;327,60;OP20-030-OTP-01;BIO_IB_CR;Biologie;IBENS
XD.32;20,55;OP20-030-OTP-01;BIO_IB_CR;Biologie;IBENS
XD.32;327,60;OP20-030-OTP-01;BIO_IB_CR;Biologie;IBENS
XD.32;20,55;OP20-030-OTP-01;BIO_IB_CR;Biologie;IBENS
XD.32;614,26;OP20-030-OTP-01;BIO_IB_CR;Biologie;IBENS
XD.32;38,54;OP20-030-OTP-01;BIO_IB_CR;Biologie;IBENS
XD.32;614,26;OP20-030-OTP-01;BIO_IB_CR;Biologie;IBENS
XD.32;38,54;OP20-030-OTP-01;BIO_IB_CR;Biologie;IBENS
XD.32;614,26;OP20-030-OTP-01;BIO_IB_CR;Biologie;IBENS
XD.32;38,54;OP20-030-OTP-01;BIO_IB_CR;Biologie;IBENS
XD.32;614,26;OP20-030-OTP-01;BIO_IB_CR;Biologie;IBENS
XD.32;38,54;OP20-030-OTP-01;BIO_IB_CR;Biologie;IBENS
XD.32;614,26;OP20-030-OTP-01;BIO_IB_CR;Biologie;IBENS
XD.32;38,54;OP20-030-OTP-01;BIO_IB_CR;Biologie;IBENS
NA.31;800,00;PL_GENOM-OTP-01;BIO_IB1;Biologie;IBENS
XD.61;47,00;PL_GENOM-OTP-01;BIO_IB1;Biologie;IBENS
NA.31;3 420,00;PL_GENOM-OTP-01;BIO_IB1;Biologie;IBENS
XD.61;47,00;PL_GENOM-OTP-01;BIO_IB1;Biologie;IBENS
II.04;1 000,00;;BIO_IB1;Biologie;IBENS
OA.21;31,28;OP18-023-OTP-01;BIO_IB_CR;Biologie;IBENS
OA.11;395,42;OP18-023-OTP-01;BIO_IB_CR;Biologie;IBENS
XD.61;8,17;OP18-023-OTP-01;BIO_IB_CR;Biologie;IBENS
OA.41;27,72;OP18-023-OTP-01;BIO_IB_CR;Biologie;IBENS
FC.02;1,24;OP18-023-OTP-01;BIO_IB_CR;Biologie;IBENS
AA.23;187,57;;BIO_IB1;Biologie;IBENS
OA.01;1 275,00;OP18-023-OTP-01;BIO_IB_CR;Biologie;IBENS
XD.61;26,00;OP18-023-OTP-01;BIO_IB_CR;Biologie;IBENS
NA.31;1 329,60;PL_GENOM-OTP-01;BIO_IB1;Biologie;IBENS
NA.31;1 259,20;PL_GENOM-OTP-01;BIO_IB1;Biologie;IBENS
NA.31;196,00;PL_GENOM-OTP-01;BIO_IB1;Biologie;IBENS
NA.31;25,00;PL_GENOM-OTP-01;BIO_IB1;Biologie;IBENS
DC.01;595,88;;BIO_IB1;Biologie;IBENS
EB.11;1 125,00;PL_GENOM-OTP-01;BIO_IB1;Biologie;IBENS
EB.11;1 125,00;PL_GENOM-OTP-01;BIO_IB1;Biologie;IBENS
BB.31;1 460,28;;BIO_IB1;Biologie;IBENS
MA.46;452,05;OP19-107-OTP-01;BIO_IB_CR;Biologie;IBENS
MA.46;12,45;OP19-107-OTP-01;BIO_IB_CR;Biologie;IBENS
NA.05;24,50;OP20-024-OTP-01;BIO_IB_CR;Biologie;IBENS
IB.31;3 640,00;;BIO_IB_CR;Biologie;IBENS
IB.31;25,00;OP18-023-OTP-01;BIO_IB_CR;Biologie;IBENS
XD.01;120,00;;BIO_IB1;Biologie;IBENS
XD.01;225,56;;BIO_IB1;Biologie;IBENS
AC.31;31,67;PL_GENOM-OTP-01;BIO_IB1;Biologie;IBENS
XC.01;100,00;PL_GENOM-OTP-01;BIO_IB1;Biologie;IBENS
XC.01;40,00;PL_GENOM-OTP-01;BIO_IB1;Biologie;IBENS
XC.01;50,00;PL_GENOM-OTP-01;BIO_IB1;Biologie;IBENS
DC.01;246,00;OP19-152-OTP-01;BIO_IB_CR;Biologie;IBENS
IB.31;3 640,00;OP18-023-OTP-01;BIO_IB_CR;Biologie;IBENS
DC.01;238,00;OP18-023-OTP-01;BIO_IB_CR;Biologie;IBENS
XD.32;163,80;OP16-045-OTP-01;BIO_IB_CR;Biologie;IBENS
XD.32;614,26;OP16-045-OTP-01;BIO_IB_CR;Biologie;IBENS
XD.32;614,26;OP16-045-OTP-01;BIO_IB_CR;Biologie;IBENS
XD.32;614,26;OP16-045-OTP-01;BIO_IB_CR;Biologie;IBENS
XD.32;614,26;OP16-045-OTP-01;BIO_IB_CR;Biologie;IBENS
XD.32;470,93;OP16-045-OTP-01;BIO_IB_CR;Biologie;IBENS
XD.32;614,26;OP19-152-OTP-01;BIO_IB_CR;Biologie;IBENS
XD.32;15,21;OP19-152-OTP-01;BIO_IB_CR;Biologie;IBENS
XD.32;614,26;OP19-152-OTP-01;BIO_IB_CR;Biologie;IBENS
XD.32;15,21;OP19-152-OTP-01;BIO_IB_CR;Biologie;IBENS
XD.32;614,26;OP19-152-OTP-01;BIO_IB_CR;Biologie;IBENS
XD.32;15,21;OP19-152-OTP-01;BIO_IB_CR;Biologie;IBENS
XD.32;614,26;OP19-152-OTP-01;BIO_IB_CR;Biologie;IBENS
XD.32;15,21;OP19-152-OTP-01;BIO_IB_CR;Biologie;IBENS
XD.32;614,26;OP19-152-OTP-01;BIO_IB_CR;Biologie;IBENS
XD.32;15,21;OP19-152-OTP-01;BIO_IB_CR;Biologie;IBENS
XD.32;614,26;OP19-152-OTP-01;BIO_IB_CR;Biologie;IBENS
XD.32;15,21;OP19-152-OTP-01;BIO_IB_CR;Biologie;IBENS
XD.32;368,56;OP18-023-OTP-01;BIO_IB_CR;Biologie;IBENS
XD.32;9,13;OP18-023-OTP-01;BIO_IB_CR;Biologie;IBENS
XD.32;614,26;OP18-023-OTP-01;BIO_IB_CR;Biologie;IBENS
XD.32;15,21;OP18-023-OTP-01;BIO_IB_CR;Biologie;IBENS
XD.32;614,26;OP18-023-OTP-01;BIO_IB_CR;Biologie;IBENS
XD.32;15,21;OP18-023-OTP-01;BIO_IB_CR;Biologie;IBENS
XD.32;266,18;OP18-023-OTP-01;BIO_IB_CR;Biologie;IBENS
XD.32;6,59;OP18-023-OTP-01;BIO_IB_CR;Biologie;IBENS
XD.32;593,78;PL_IBENS-OTP-01;BIO_IB1;Biologie;IBENS
XD.32;614,26;PL_IBENS-OTP-01;BIO_IB1;Biologie;IBENS
XD.32;573,31;PL_IBENS-OTP-01;BIO_IB1;Biologie;IBENS
XD.32;20,48;OP20-128-OTP-01;BIO_IB_CR;Biologie;IBENS
XD.32;614,26;OP20-128-OTP-01;BIO_IB_CR;Biologie;IBENS
XD.32;614,26;OP20-128-OTP-01;BIO_IB_CR;Biologie;IBENS
XD.32;614,26;OP20-128-OTP-01;BIO_IB_CR;Biologie;IBENS
XD.32;614,26;OP20-128-OTP-01;BIO_IB_CR;Biologie;IBENS
XD.32;614,26;OP20-128-OTP-01;BIO_IB_CR;Biologie;IBENS
XD.32;266,18;OP20-128-OTP-01;BIO_IB_CR;Biologie;IBENS
XD.32;573,31;OP20-128-OTP-01;BIO_IB_CR;Biologie;IBENS
XD.32;614,26;OP20-128-OTP-01;BIO_IB_CR;Biologie;IBENS
XD.32;614,26;OP20-128-OTP-01;BIO_IB_CR;Biologie;IBENS
XD.32;614,26;OP20-128-OTP-01;BIO_IB_CR;Biologie;IBENS
XD.32;614,26;OP20-128-OTP-01;BIO_IB_CR;Biologie;IBENS
XD.32;307,13;OP20-128-OTP-01;BIO_IB_CR;Biologie;IBENS
XD.32;573,31;OP20-128-OTP-01;BIO_IB_CR;Biologie;IBENS
XD.32;614,26;OP20-128-OTP-01;BIO_IB_CR;Biologie;IBENS
XD.32;614,26;OP20-128-OTP-01;BIO_IB_CR;Biologie;IBENS
XD.32;614,26;OP20-128-OTP-01;BIO_IB_CR;Biologie;IBENS
XD.32;614,26;OP20-128-OTP-01;BIO_IB_CR;Biologie;IBENS
XD.32;307,13;OP20-128-OTP-01;BIO_IB_CR;Biologie;IBENS
XD.32;102,38;OP18-109-OTP-01;BIO_IB_CR;Biologie;IBENS
XD.32;614,26;OP18-109-OTP-01;BIO_IB_CR;Biologie;IBENS
XD.32;614,26;OP18-109-OTP-01;BIO_IB_CR;Biologie;IBENS
XD.32;614,26;OP18-109-OTP-01;BIO_IB_CR;Biologie;IBENS
XD.32;614,26;OP18-109-OTP-01;BIO_IB_CR;Biologie;IBENS
XD.32;389,03;OP18-109-OTP-01;BIO_IB_CR;Biologie;IBENS
XD.32;163,80;OP20-128-OTP-01;BIO_IB_CR;Biologie;IBENS
XD.32;10,28;OP20-128-OTP-01;BIO_IB_CR;Biologie;IBENS
XD.32;614,26;OP20-128-OTP-01;BIO_IB_CR;Biologie;IBENS
XD.32;38,54;OP20-128-OTP-01;BIO_IB_CR;Biologie;IBENS
XD.32;614,26;OP20-128-OTP-01;BIO_IB_CR;Biologie;IBENS
XD.32;38,54;OP20-128-OTP-01;BIO_IB_CR;Biologie;IBENS
XD.32;614,26;OP20-128-OTP-01;BIO_IB_CR;Biologie;IBENS
XD.32;38,54;OP20-128-OTP-01;BIO_IB_CR;Biologie;IBENS
XD.32;614,26;OP20-128-OTP-01;BIO_IB_CR;Biologie;IBENS
XD.32;38,54;OP20-128-OTP-01;BIO_IB_CR;Biologie;IBENS
XD.32;614,26;OP20-128-OTP-01;BIO_IB_CR;Biologie;IBENS
XD.32;38,54;OP20-128-OTP-01;BIO_IB_CR;Biologie;IBENS
XD.32;470,93;OP20-128-OTP-01;BIO_IB_CR;Biologie;IBENS
XD.32;29,55;OP20-128-OTP-01;BIO_IB_CR;Biologie;IBENS
NA.55;948,65;OP23-001-OTP-01;BIO_IB_CR;Biologie;IBENS
XD.61;48,00;OP23-001-OTP-01;BIO_IB_CR;Biologie;IBENS
KE.51;575,00;OP18-023-OTP-01;BIO_IB_CR;Biologie;IBENS
KE.51;897,00;OP18-023-OTP-01;BIO_IB_CR;Biologie;IBENS
XD.61;35,00;OP18-023-OTP-01;BIO_IB_CR;Biologie;IBENS
DC.01;557,69;OP18-023-OTP-01;BIO_IB_CR;Biologie;IBENS
NA.52;1 288,60;PL_GENOM-OTP-01;BIO_IB1;Biologie;IBENS
XD.61;50,00;PL_GENOM-OTP-01;BIO_IB1;Biologie;IBENS
DC.01;616,14;OP19-152-OTP-01;BIO_IB_CR;Biologie;IBENS
IA.11;1 340,20;PL_IBENS-OTP-01;BIO_IB1;Biologie;IBENS
NA.52;69,10;PL_GENOM-OTP-01;BIO_IB1;Biologie;IBENS
XD.61;58,00;PL_GENOM-OTP-01;BIO_IB1;Biologie;IBENS
EC.01;2 570,00;OP20-128-OTP-01;BIO_IB_CR;Biologie;IBENS
NA.31;802,00;OP20-061-OTP-01;BIO_IB_CR;Biologie;IBENS
NA.55;604,00;OP20-061-OTP-01;BIO_IB_CR;Biologie;IBENS
NA.31;71,92;OP20-061-OTP-01;BIO_IB_CR;Biologie;IBENS
NA.55;571,20;OP20-061-OTP-01;BIO_IB_CR;Biologie;IBENS
XD.61;48,00;OP20-061-OTP-01;BIO_IB_CR;Biologie;IBENS
NB.77;514,50;OP20-061-OTP-01;BIO_IB_CR;Biologie;IBENS
NB.33;93,99;OP20-024-OTP-01;BIO_IB_CR;Biologie;IBENS
NB.33;152,04;OP20-024-OTP-01;BIO_IB_CR;Biologie;IBENS
XD.31;85,00;OP20-024-OTP-01;BIO_IB_CR;Biologie;IBENS
ND.12;31,00;OP20-024-OTP-01;BIO_IB_CR;Biologie;IBENS
ND.12;299,00;OP20-024-OTP-01;BIO_IB_CR;Biologie;IBENS
NB.02;156,64;OP20-024-OTP-01;BIO_IB_CR;Biologie;IBENS
NB.02;156,64;OP20-024-OTP-01;BIO_IB_CR;Biologie;IBENS
NB.02;156,64;OP20-024-OTP-01;BIO_IB_CR;Biologie;IBENS
NA.28;304,00;OP23-001-OTP-01;BIO_IB_CR;Biologie;IBENS
NA.28;65,00;OP23-001-OTP-01;BIO_IB_CR;Biologie;IBENS
NA.28;35,00;OP23-001-OTP-01;BIO_IB_CR;Biologie;IBENS
NA.52;730,08;OP23-001-OTP-01;BIO_IB_CR;Biologie;IBENS
AA.64;13,75;;BIO_IB1;Biologie;IBENS
AA.64;13,75;;BIO_IB1;Biologie;IBENS
AA.64;14,70;;BIO_IB1;Biologie;IBENS
AA.64;14,70;;BIO_IB1;Biologie;IBENS
AA.64;14,70;;BIO_IB1;Biologie;IBENS
KG.01;5 415,00;PL_IBENS-OTP-01;BIO_IB1;Biologie;IBENS
KG.01;5 415,00;PL_IBENS-OTP-01;BIO_IB1;Biologie;IBENS
OA.21;1 138,00;OP19-121-OTP-01;BIO_IB_CR;Biologie;IBENS
OA.21;432,00;OP19-121-OTP-01;BIO_IB_CR;Biologie;IBENS
OA.21;338,40;OP19-121-OTP-01;BIO_IB_CR;Biologie;IBENS
XD.61;35,00;OP19-121-OTP-01;BIO_IB_CR;Biologie;IBENS
RA.23;26,50;OP19-121-OTP-01;BIO_IB_CR;Biologie;IBENS
RA.23;55,90;OP19-121-OTP-01;BIO_IB_CR;Biologie;IBENS
RA.23;63,50;OP19-121-OTP-01;BIO_IB_CR;Biologie;IBENS
RA.23;60,80;OP19-121-OTP-01;BIO_IB_CR;Biologie;IBENS
RA.23;3,07;OP19-121-OTP-01;BIO_IB_CR;Biologie;IBENS
XD.61;12,99;OP19-121-OTP-01;BIO_IB_CR;Biologie;IBENS
ND.01;62,10;PL_GENOM-OTP-01;BIO_IB1;Biologie;IBENS
RB.03;5 059,00;OP19-127-OTP-01;BIO_IB_CR;Biologie;IBENS
RB.03;24,25;OP19-127-OTP-01;BIO_IB_CR;Biologie;IBENS
RB.03;384,00;OP19-127-OTP-01;BIO_IB_CR;Biologie;IBENS
XC.27;6 313,06;OP19-158-OTP-01;BIO_IB_CR;Biologie;IBENS
XC.27;5 774,16;OP19-159-OTP-01;BIO_IB_CR;Biologie;IBENS
NC.21;5 324,20;OP22-144-OTP-01;BIO_IB_CR;Biologie;IBENS
NC.21;4 110,40;OP22-144-OTP-01;BIO_IB_CR;Biologie;IBENS
OA.21;135,10;OP19-127-OTP-01;BIO_IB_CR;Biologie;IBENS
NA.31;2 458,80;PL_GENOM-OTP-01;BIO_IB1;Biologie;IBENS
NA.31;1 947,60;PL_GENOM-OTP-01;BIO_IB1;Biologie;IBENS
NA.31;3 567,60;PL_GENOM-OTP-01;BIO_IB1;Biologie;IBENS
NA.31;474,00;PL_GENOM-OTP-01;BIO_IB1;Biologie;IBENS
IA.01;12 356,12;OP21-085-OTP-01;BIO_IB_CR;Biologie;IBENS
NB.15;684,16;PL_GENOM-OTP-01;BIO_IB1;Biologie;IBENS
NB.11;371,50;PL_GENOM-OTP-01;BIO_IB1;Biologie;IBENS
LA.01;34,56;PL_IBENS-OTP-01;BIO_IB1;Biologie;IBENS
LA.01;3,80;PL_IBENS-OTP-01;BIO_IB1;Biologie;IBENS
LA.01;23,28;PL_IBENS-OTP-01;BIO_IB1;Biologie;IBENS
LA.01;552,12;PL_IBENS-OTP-01;BIO_IB1;Biologie;IBENS
LA.01;174,45;PL_IBENS-OTP-01;BIO_IB1;Biologie;IBENS
LA.01;17,10;PL_IBENS-OTP-01;BIO_IB1;Biologie;IBENS
LA.01;255,90;PL_IBENS-OTP-01;BIO_IB1;Biologie;IBENS
XD.61;26,50;PL_IBENS-OTP-01;BIO_IB1;Biologie;IBENS
NA.31;782,32;OP22-102-OTP-01;BIO_IB_CR;Biologie;IBENS
FB.02;1,14;OP19-121-OTP-01;BIO_IB_CR;Biologie;IBENS
FB.02;209,81;OP19-121-OTP-01;BIO_IB_CR;Biologie;IBENS
FB.02;33,76;OP19-121-OTP-01;BIO_IB_CR;Biologie;IBENS
FB.02;5,28;OP19-121-OTP-01;BIO_IB_CR;Biologie;IBENS
FB.02;543,39;OP19-121-OTP-01;BIO_IB_CR;Biologie;IBENS
FB.02;85,04;OP19-121-OTP-01;BIO_IB_CR;Biologie;IBENS
FB.02;6,71;OP19-121-OTP-01;BIO_IB_CR;Biologie;IBENS
XD.32;102,38;OP18-109-OTP-01;BIO_IB_CR;Biologie;IBENS
XD.32;614,26;OP18-109-OTP-01;BIO_IB_CR;Biologie;IBENS
XD.32;614,26;OP18-109-OTP-01;BIO_IB_CR;Biologie;IBENS
XD.32;614,26;OP18-109-OTP-01;BIO_IB_CR;Biologie;IBENS
XD.32;614,26;OP18-109-OTP-01;BIO_IB_CR;Biologie;IBENS
GA.05;99,99;PL_IBENS-OTP-01;BIO_IB1;Biologie;IBENS
XD.61;30,00;PL_IBENS-OTP-01;BIO_IB1;Biologie;IBENS
XC.14;2 166,09;OP16-045-OTP-01;BIO_IB_CR;Biologie;IBENS
BD.24;16 290,60;PL_IBENS-OTP-01;BIO_IB1;Biologie;IBENS
XC.21;1 770,00;OP16-045-OTP-01;BIO_IB_CR;Biologie;IBENS
XC.21;90,00;OP16-045-OTP-01;BIO_IB_CR;Biologie;IBENS
XC.21;5 150,00;OP16-045-OTP-01;BIO_IB_CR;Biologie;IBENS
XC.21;260,00;OP16-045-OTP-01;BIO_IB_CR;Biologie;IBENS
NB.42;874,20;OP20-069-OTP-01;BIO_IB_CR;Biologie;IBENS
NA.31;1 355,34;OP22-102-OTP-01;BIO_IB_CR;Biologie;IBENS
NA.31;1 355,34;OP22-102-OTP-01;BIO_IB_CR;Biologie;IBENS
LA.01;255,90;PL_IBENS-OTP-01;BIO_IB1;Biologie;IBENS
XD.61;26,50;PL_IBENS-OTP-01;BIO_IB1;Biologie;IBENS
MC.02;777,50;OP20-039-OTP-01;BIO_IB_CR;Biologie;IBENS
MC.02;164,75;OP20-039-OTP-01;BIO_IB_CR;Biologie;IBENS
MC.02;27,50;OP20-039-OTP-01;BIO_IB_CR;Biologie;IBENS
MC.02;65,00;OP20-039-OTP-01;BIO_IB_CR;Biologie;IBENS
MC.02;847,50;OP20-039-OTP-01;BIO_IB_CR;Biologie;IBENS
RA.23;382,00;OP19-121-OTP-01;BIO_IB_CR;Biologie;IBENS
OC.05;3 000,00;OP19-121-OTP-01;BIO_IB_CR;Biologie;IBENS
NA.28;210,65;OP23-001-OTP-01;BIO_IB_CR;Biologie;IBENS
XD.61;48,00;OP23-001-OTP-01;BIO_IB_CR;Biologie;IBENS
DC.01;341,00;PL_GENOM-OTP-01;BIO_IB1;Biologie;IBENS
DC.01;2,00;PL_GENOM-OTP-01;BIO_IB1;Biologie;IBENS
DC.01;179,00;PL_GENOM-OTP-01;BIO_IB1;Biologie;IBENS
NB.11;56,88;OP23-001-OTP-01;BIO_IB_CR;Biologie;IBENS
IA.25;1 942,47;PL_GENOM-OTP-01;BIO_IB1;Biologie;IBENS
XD.61;10,80;PL_GENOM-OTP-01;BIO_IB1;Biologie;IBENS
IB.32;915,99;PL_GENOM-OTP-01;BIO_IB1;Biologie;IBENS
DC.01;326,20;OP20-061-OTP-01;BIO_IB_CR;Biologie;IBENS
DC.01;3,60;OP20-061-OTP-01;BIO_IB_CR;Biologie;IBENS
DC.01;74,87;PL_GENOM-OTP-01;BIO_IB1;Biologie;IBENS
DC.01;155,00;PL_GENOM-OTP-01;BIO_IB1;Biologie;IBENS
NA.76;347,50;OP20-061-OTP-01;BIO_IB_CR;Biologie;IBENS
BE.15;155,28;OP22-102-OTP-01;BIO_IB_CR;Biologie;IBENS
XD.61;80,00;OP22-102-OTP-01;BIO_IB_CR;Biologie;IBENS
XD.61;80,00;OP22-102-OTP-01;BIO_IB_CR;Biologie;IBENS
NA.31;1 650,88;OP22-102-OTP-01;BIO_IB_CR;Biologie;IBENS
OC.05;9 000,00;OP19-121-OTP-01;BIO_IB_CR;Biologie;IBENS
OC.05;13 000,00;OP19-121-OTP-01;BIO_IB_CR;Biologie;IBENS
DC.01;283,48;OP20-010-OTP-01;BIO_IB_CR;Biologie;IBENS
DC.01;4,60;OP20-010-OTP-01;BIO_IB_CR;Biologie;IBENS
DC.01;1 356,00;OP21-185-OTP-01;BIO_IB_CR;Biologie;IBENS
DC.01;1 545,23;OP21-185-OTP-01;BIO_IB_CR;Biologie;IBENS
DC.01;1 545,23;OP21-185-OTP-01;BIO_IB_CR;Biologie;IBENS
FC.11;195,00;PL_IBENS-OTP-01;BIO_IB1;Biologie;IBENS
FC.11;220,00;PL_IBENS-OTP-01;BIO_IB1;Biologie;IBENS
XD.61;5,00;PL_IBENS-OTP-01;BIO_IB1;Biologie;IBENS
XD.61;5,00;PL_IBENS-OTP-01;BIO_IB1;Biologie;IBENS
DC.01;315,00;OP20-010-OTP-01;BIO_IB_CR;Biologie;IBENS
OA.01;3 912,00;OP19-121-OTP-01;BIO_IB_CR;Biologie;IBENS
XD.61;25,00;OP19-121-OTP-01;BIO_IB_CR;Biologie;IBENS
NB.17;384,58;OP23-001-OTP-01;BIO_IB_CR;Biologie;IBENS
XD.61;29,00;OP23-001-OTP-01;BIO_IB_CR;Biologie;IBENS
DC.01;106,00;PL_GENOM-OTP-01;BIO_IB1;Biologie;IBENS
DC.01;196,80;OP20-013-OTP-01;BIO_IB_CR;Biologie;IBENS
DC.01;3,60;OP20-013-OTP-01;BIO_IB_CR;Biologie;IBENS
AC.31;16,67;OP20-061-OTP-01;BIO_IB_CR;Biologie;IBENS
DB.11;1 445,46;OP22-017-OTP-01;BIO_IB_CR;Biologie;IBENS
DB.11;22,56;OP22-017-OTP-01;BIO_IB_CR;Biologie;IBENS
FB.01;8,87;OP19-127-OTP-01;BIO_IB_CR;Biologie;IBENS
DC.01;118,00;PL_GENOM-OTP-01;BIO_IB1;Biologie;IBENS
DC.01;98,00;PL_GENOM-OTP-01;BIO_IB1;Biologie;IBENS
ID.01;248,00;OP20-013-OTP-01;BIO_IB_CR;Biologie;IBENS
EC.01;2 570,00;OP20-128-OTP-01;BIO_IB_CR;Biologie;IBENS
AA.64;204,57;OP22-102-OTP-01;BIO_IB_CR;Biologie;IBENS
IA.25;126,95;OP19-118-OTP-01;BIO_IB_CR;Biologie;IBENS
XD.61;9,90;OP19-118-OTP-01;BIO_IB_CR;Biologie;IBENS
AA.64;199,98;OP22-102-OTP-01;BIO_IB_CR;Biologie;IBENS
RA.23;60,80;OP19-121-OTP-01;BIO_IB_CR;Biologie;IBENS
RA.23;66,80;OP19-121-OTP-01;BIO_IB_CR;Biologie;IBENS
RA.23;66,80;OP19-121-OTP-01;BIO_IB_CR;Biologie;IBENS
XD.61;12,99;OP19-121-OTP-01;BIO_IB_CR;Biologie;IBENS
NA.53;34,27;OP20-061-OTP-01;BIO_IB_CR;Biologie;IBENS
XD.61;48,00;OP20-061-OTP-01;BIO_IB_CR;Biologie;IBENS
DC.01;1 009,62;OP22-017-OTP-01;BIO_IB_CR;Biologie;IBENS
DC.01;1 009,62;OP22-017-OTP-01;BIO_IB_CR;Biologie;IBENS
DC.11;1 009,62;OP22-017-OTP-01;BIO_IB_CR;Biologie;IBENS
NB.83;4 553,34;OP20-024-OTP-01;BIO_IB_CR;Biologie;IBENS
NB.17;1 530,00;OP20-024-OTP-01;BIO_IB_CR;Biologie;IBENS
NB.17;1 773,60;OP20-024-OTP-01;BIO_IB_CR;Biologie;IBENS
NA.52;1 300,00;PL_GENOM-OTP-01;BIO_IB1;Biologie;IBENS
NA.52;7 140,00;PL_GENOM-OTP-01;BIO_IB1;Biologie;IBENS
NA.28;357,00;OP22-120-OTP-01;BIO_IB_CR;Biologie;IBENS
GA.05;97,42;OP20-024-OTP-01;BIO_IB_CR;Biologie;IBENS
XD.61;30,00;OP20-024-OTP-01;BIO_IB_CR;Biologie;IBENS
XA.12;264,05;OP21-010-OTP-01;BIO_IB_CR;Biologie;IBENS
FA.02;170,00;OP20-024-OTP-01;BIO_IB_CR;Biologie;IBENS
DC.01;190,00;OP22-079-OTP-01;BIO_IB_CR;Biologie;IBENS
JB.11;456,91;;BIO_IB1;Biologie;IBENS
JB.11;213,44;;BIO_IB1;Biologie;IBENS
JB.11;279,58;;BIO_IB1;Biologie;IBENS
AC.31;16,67;PL_GENOM-OTP-01;BIO_IB1;Biologie;IBENS
BB.32;1 453,87;;BIO_IB1;Biologie;IBENS
BB.32;1 494,42;;BIO_IB1;Biologie;IBENS
BB.32;1 788,07;;BIO_IB1;Biologie;IBENS
BB.32;1 469,56;;BIO_IB1;Biologie;IBENS
XD.32;593,78;OP16-045-OTP-01;BIO_IB_CR;Biologie;IBENS
XD.32;614,26;OP16-045-OTP-01;BIO_IB_CR;Biologie;IBENS
XD.32;614,26;OP16-045-OTP-01;BIO_IB_CR;Biologie;IBENS
XD.32;614,26;OP16-045-OTP-01;BIO_IB_CR;Biologie;IBENS
XD.32;614,26;OP16-045-OTP-01;BIO_IB_CR;Biologie;IBENS
XD.32;593,78;OP16-045-OTP-01;BIO_IB_CR;Biologie;IBENS
NB.11;128,00;PL_IBENS-OTP-01;BIO_IB1;Biologie;IBENS
NB.03;11,32;PL_IBENS-OTP-01;BIO_IB1;Biologie;IBENS
NB.14;166,60;PL_IBENS-OTP-01;BIO_IB1;Biologie;IBENS
NB.03;67,68;PL_IBENS-OTP-01;BIO_IB1;Biologie;IBENS
NB.03;40,30;PL_IBENS-OTP-01;BIO_IB1;Biologie;IBENS
DC.01;64,00;PL_GENOM-OTP-01;BIO_IB1;Biologie;IBENS
KF.02;182,62;;BIO_IB1;Biologie;IBENS
KF.02;75,20;;BIO_IB1;Biologie;IBENS
KF.02;157,20;;BIO_IB1;Biologie;IBENS
KF.02;157,20;;BIO_IB1;Biologie;IBENS
KF.02;614,00;;BIO_IB1;Biologie;IBENS
KF.02;760,00;;BIO_IB1;Biologie;IBENS
DC.01;64,00;PL_GENOM-OTP-01;BIO_IB1;Biologie;IBENS
HA.01;170,00;PL_IBENS-OTP-01;BIO_IB1;Biologie;IBENS
HA.01;170,00;PL_IBENS-OTP-01;BIO_IB1;Biologie;IBENS
HA.01;170,00;PL_IBENS-OTP-01;BIO_IB1;Biologie;IBENS
NB.35;146,30;PL_IBENS-OTP-01;BIO_IB1;Biologie;IBENS
NB.03;9,72;PL_IBENS-OTP-01;BIO_IB1;Biologie;IBENS
NB.03;9,08;PL_IBENS-OTP-01;BIO_IB1;Biologie;IBENS
NB.03;175,80;PL_IBENS-OTP-01;BIO_IB1;Biologie;IBENS
NB.03;393,30;PL_IBENS-OTP-01;BIO_IB1;Biologie;IBENS
NB.04;46,00;PL_IBENS-OTP-01;BIO_IB1;Biologie;IBENS
NB.04;42,00;PL_IBENS-OTP-01;BIO_IB1;Biologie;IBENS
NB.04;126,00;PL_IBENS-OTP-01;BIO_IB1;Biologie;IBENS
NB.17;115,00;PL_IBENS-OTP-01;BIO_IB1;Biologie;IBENS
HA.02;130,32;PL_IBENS-OTP-01;BIO_IB1;Biologie;IBENS
NB.43;25,11;PL_IBENS-OTP-01;BIO_IB1;Biologie;IBENS
NB.01;188,10;PL_IBENS-OTP-01;BIO_IB1;Biologie;IBENS
NB.35;22,43;PL_IBENS-OTP-01;BIO_IB1;Biologie;IBENS
FA.02;17,50;OP20-128-OTP-01;BIO_IB_CR;Biologie;IBENS
FA.02;1 919,95;OP20-128-OTP-01;BIO_IB_CR;Biologie;IBENS
FA.02;180,00;OP20-128-OTP-01;BIO_IB_CR;Biologie;IBENS
FA.02;282,00;OP20-128-OTP-01;BIO_IB_CR;Biologie;IBENS
TB.02;471,82;OP19-127-OTP-01;BIO_IB_CR;Biologie;IBENS
KB.02;2 202,00;OP20-128-OTP-01;BIO_IB_CR;Biologie;IBENS
KB.02;25,00;OP20-128-OTP-01;BIO_IB_CR;Biologie;IBENS
KB.02;120,00;OP20-128-OTP-01;BIO_IB_CR;Biologie;IBENS
KB.02;70,00;OP20-128-OTP-01;BIO_IB_CR;Biologie;IBENS
KB.02;18,00;OP20-128-OTP-01;BIO_IB_CR;Biologie;IBENS
KB.02;134,00;OP20-128-OTP-01;BIO_IB_CR;Biologie;IBENS
NA.21;820,00;OP20-061-OTP-01;BIO_IB_CR;Biologie;IBENS
NA.55;3 049,80;OP23-001-OTP-01;BIO_IB_CR;Biologie;IBENS
NA.55;924,60;OP23-001-OTP-01;BIO_IB_CR;Biologie;IBENS
NB.11;230,85;OP23-001-OTP-01;BIO_IB_CR;Biologie;IBENS
NA.55;436,76;OP23-001-OTP-01;BIO_IB_CR;Biologie;IBENS
NA.55;9,95;OP23-001-OTP-01;BIO_IB_CR;Biologie;IBENS
XD.61;48,00;OP23-001-OTP-01;BIO_IB_CR;Biologie;IBENS
DC.01;62,00;PL_GENOM-OTP-01;BIO_IB1;Biologie;IBENS
KG.02;535,00;PL_IBENS-OTP-01;BIO_IB1;Biologie;IBENS
KG.02;120,37;PL_IBENS-OTP-01;BIO_IB1;Biologie;IBENS
NA.43;470,40;OP21-185-OTP-01;BIO_IB_CR;Biologie;IBENS
NA.21;110,00;OP21-185-OTP-01;BIO_IB_CR;Biologie;IBENS
NA.25;159,90;OP21-185-OTP-01;BIO_IB_CR;Biologie;IBENS
XD.61;80,00;OP21-185-OTP-01;BIO_IB_CR;Biologie;IBENS
DC.01;62,00;PL_GENOM-OTP-01;BIO_IB1;Biologie;IBENS
HA.02;238,23;PL_IBENS-OTP-01;BIO_IB1;Biologie;IBENS
HA.02;889,47;PL_IBENS-OTP-01;BIO_IB1;Biologie;IBENS
HA.02;48,45;PL_IBENS-OTP-01;BIO_IB1;Biologie;IBENS
HA.02;479,40;PL_IBENS-OTP-01;BIO_IB1;Biologie;IBENS
KA.32;300,00;OP20-071-OTP-01;BIO_IB_CR;Biologie;IBENS
KA.32;110,00;OP20-071-OTP-01;BIO_IB_CR;Biologie;IBENS
AB.02;1 552,00;OP20-128-OTP-01;BIO_IB_CR;Biologie;IBENS
NA.41;1 080,00;OP20-128-OTP-01;BIO_IB_CR;Biologie;IBENS
XD.61;15,00;OP20-128-OTP-01;BIO_IB_CR;Biologie;IBENS
RD.01;269,00;OP19-029-OTP-01;BIO_IB_CR;Biologie;IBENS
NE.04;4 513,00;OP19-029-OTP-01;BIO_IB_CR;Biologie;IBENS
ID.01;598,00;OP19-029-OTP-01;BIO_IB_CR;Biologie;IBENS
BE.15;610,00;;BIO_IB1;Biologie;IBENS
BB.41;75,42;;BIO_IB1;Biologie;IBENS
ND.13;8 820,00;PL_IBENS-OTP-01;BIO_IB1;Biologie;IBENS
ND.13;660,40;PL_IBENS-OTP-01;BIO_IB1;Biologie;IBENS
ND.13;650,00;PL_IBENS-OTP-01;BIO_IB1;Biologie;IBENS
ND.13;429,40;PL_IBENS-OTP-01;BIO_IB1;Biologie;IBENS
ND.13;200,00;PL_IBENS-OTP-01;BIO_IB1;Biologie;IBENS
ND.13;161,28;PL_IBENS-OTP-01;BIO_IB1;Biologie;IBENS
ND.13;30,24;PL_IBENS-OTP-01;BIO_IB1;Biologie;IBENS
ND.13;7,30;PL_IBENS-OTP-01;BIO_IB1;Biologie;IBENS
ND.13;1 054,08;PL_IBENS-OTP-01;BIO_IB1;Biologie;IBENS
BE.15;160,00;;BIO_IB1;Biologie;IBENS
BE.15;720,00;;BIO_IB1;Biologie;IBENS
AA.12;67,50;PL_IBENS-OTP-01;BIO_IB1;Biologie;IBENS
NC.16;39 506,40;OP22-144-OTP-01;BIO_IB_CR;Biologie;IBENS
NC.16;0,10;PL_GENOM-OTP-01;BIO_IB1;Biologie;IBENS
KG.12;2 628,00;OP20-039-OTP-01;BIO_IB_CR;Biologie;IBENS
DC.01;55,00;PL_GENOM-OTP-01;BIO_IB1;Biologie;IBENS
DC.01;64,00;PL_GENOM-OTP-01;BIO_IB1;Biologie;IBENS
NA.21;451,00;PL_IBENS-OTP-01;BIO_IB1;Biologie;IBENS
GA.05;90,99;PL_IBENS-OTP-01;BIO_IB1;Biologie;IBENS
XD.61;30,00;PL_IBENS-OTP-01;BIO_IB1;Biologie;IBENS
ND.13;1 176,96;PL_IBENS-OTP-01;BIO_IB1;Biologie;IBENS
MB.05;100,00;PL_IBENS-OTP-01;BIO_IB1;Biologie;IBENS
XD.61;18,00;PL_IBENS-OTP-01;BIO_IB1;Biologie;IBENS
JB.01;180,00;PL_IBENS-OTP-01;BIO_IB1;Biologie;IBENS
JB.01;125,00;PL_IBENS-OTP-01;BIO_IB1;Biologie;IBENS
KA.02;1 820,64;OP20-128-OTP-01;BIO_IB_CR;Biologie;IBENS
FC.11;1 893,00;OP20-128-OTP-01;BIO_IB_CR;Biologie;IBENS
FA.02;35,76;OP20-128-OTP-01;BIO_IB_CR;Biologie;IBENS
GA.05;84,66;OP20-024-OTP-01;BIO_IB_CR;Biologie;IBENS
GA.05;63,00;OP20-024-OTP-01;BIO_IB_CR;Biologie;IBENS
GA.05;25,00;OP20-024-OTP-01;BIO_IB_CR;Biologie;IBENS
XC.26;3 000,00;OP16-045-OTP-01;BIO_IB_CR;Biologie;IBENS
DC.12;1 545,45;OP23-118-OTP-01;BIO_IB_CR;Biologie;IBENS
XC.26;2 000,00;OP16-045-OTP-01;BIO_IB_CR;Biologie;IBENS
XC.26;100,00;OP16-045-OTP-01;BIO_IB_CR;Biologie;IBENS
XC.21;28 800,00;OP16-045-OTP-01;BIO_IB_CR;Biologie;IBENS
XC.21;1 440,00;OP16-045-OTP-01;BIO_IB_CR;Biologie;IBENS
XC.21;27 686,00;OP16-045-OTP-01;BIO_IB_CR;Biologie;IBENS
XC.21;831,00;OP16-045-OTP-01;BIO_IB_CR;Biologie;IBENS
XC.21;38 015,00;OP16-045-OTP-01;BIO_IB_CR;Biologie;IBENS
XC.21;1 140,00;OP16-045-OTP-01;BIO_IB_CR;Biologie;IBENS
XC.21;40 000,00;OP16-045-OTP-01;BIO_IB_CR;Biologie;IBENS
XC.21;2 000,00;OP16-045-OTP-01;BIO_IB_CR;Biologie;IBENS
NA.55;402,05;OP23-001-OTP-01;BIO_IB_CR;Biologie;IBENS
NA.55;378,60;OP23-001-OTP-01;BIO_IB_CR;Biologie;IBENS
NA.55;1 015,05;OP23-001-OTP-01;BIO_IB_CR;Biologie;IBENS
XD.61;48,00;OP23-001-OTP-01;BIO_IB_CR;Biologie;IBENS
NA.28;432,00;OP23-001-OTP-01;BIO_IB_CR;Biologie;IBENS
NA.28;195,00;OP23-001-OTP-01;BIO_IB_CR;Biologie;IBENS
XD.61;35,00;OP23-001-OTP-01;BIO_IB_CR;Biologie;IBENS
NA.28;290,00;OP23-001-OTP-01;BIO_IB_CR;Biologie;IBENS
XD.61;35,00;OP23-001-OTP-01;BIO_IB_CR;Biologie;IBENS
XD.01;240,00;;BIO_IB1;Biologie;IBENS
XD.01;412,00;;BIO_IB1;Biologie;IBENS
XD.01;39,12;;BIO_IB1;Biologie;IBENS
NA.31;704,62;PL_GENOM-OTP-01;BIO_IB1;Biologie;IBENS
NA.31;704,62;PL_GENOM-OTP-01;BIO_IB1;Biologie;IBENS
NA.31;98,00;PL_GENOM-OTP-01;BIO_IB1;Biologie;IBENS
NA.31;1 355,34;PL_GENOM-OTP-01;BIO_IB1;Biologie;IBENS
NA.31;1 355,34;PL_GENOM-OTP-01;BIO_IB1;Biologie;IBENS
XC.21;29 608,00;OP16-045-OTP-01;BIO_IB_CR;Biologie;IBENS
XC.21;1 481,00;OP16-045-OTP-01;BIO_IB_CR;Biologie;IBENS
KA.02;2 990,18;OP20-128-OTP-01;BIO_IB_CR;Biologie;IBENS
NA.25;363,60;PL_IBENS-OTP-01;BIO_IB1;Biologie;IBENS
AA.63;1 546,92;OP23-118-OTP-01;BIO_IB_CR;Biologie;IBENS
KF.02;295,00;PL_IBENS-OTP-01;BIO_IB1;Biologie;IBENS
KF.02;3 835,00;PL_IBENS-OTP-01;BIO_IB1;Biologie;IBENS
KF.02;260,00;PL_IBENS-OTP-01;BIO_IB1;Biologie;IBENS
KF.02;58,13;PL_IBENS-OTP-01;BIO_IB1;Biologie;IBENS
KF.02;108,20;PL_IBENS-OTP-01;BIO_IB1;Biologie;IBENS
KF.02;45,00;PL_IBENS-OTP-01;BIO_IB1;Biologie;IBENS
HB.01;1 438,68;PL_IBENS-OTP-01;BIO_IB1;Biologie;IBENS
HB.01;650,00;PL_IBENS-OTP-01;BIO_IB1;Biologie;IBENS
HB.01;390,00;PL_IBENS-OTP-01;BIO_IB1;Biologie;IBENS
HB.01;45,00;PL_IBENS-OTP-01;BIO_IB1;Biologie;IBENS
BD.24;1 390,00;PL_IBENS-OTP-01;BIO_IB1;Biologie;IBENS
BD.24;70,00;PL_IBENS-OTP-01;BIO_IB1;Biologie;IBENS
BD.24;1 040,00;PL_IBENS-OTP-01;BIO_IB1;Biologie;IBENS
XC.14;2 190,00;OP19-116-OTP-01;BIO_IB_CR;Biologie;IBENS
XC.14;55,00;OP19-116-OTP-01;BIO_IB_CR;Biologie;IBENS
SE.15;1 289,00;OP21-135-OTP-01;BIO_IB_CR;Biologie;IBENS
XD.61;80,00;OP21-135-OTP-01;BIO_IB_CR;Biologie;IBENS
DC.01;71,00;PL_GENOM-OTP-01;BIO_IB1;Biologie;IBENS
XD.61;85,00;PL_IBENS-OTP-01;BIO_IB1;Biologie;IBENS
QA.11;375,90;PL_IBENS-OTP-01;BIO_IB1;Biologie;IBENS
AB.01;77,70;PL_IBENS-OTP-01;BIO_IB1;Biologie;IBENS
BB.02;30,75;PL_IBENS-OTP-01;BIO_IB1;Biologie;IBENS
DC.01;114,00;;BIO_IB1;Biologie;IBENS
QA.24;350,96;PL_IBENS-OTP-01;BIO_IB1;Biologie;IBENS
XD.61;29,00;PL_IBENS-OTP-01;BIO_IB1;Biologie;IBENS
XC.26;2 000,00;OP16-045-OTP-01;BIO_IB_CR;Biologie;IBENS
XC.01;420,00;OP20-010-OTP-01;BIO_IB_CR;Biologie;IBENS
IB.11;74,99;PL_GENOM-OTP-01;BIO_IB1;Biologie;IBENS
CB.01;130,25;PL_GENOM-OTP-01;BIO_IB1;Biologie;IBENS
IB.12;61,08;OP22-103-OTP-01;BIO_IB_CR;Biologie;IBENS
DC.01;1 245,72;OP17-123-OTP-01;BIO_IB_CR;Biologie;IBENS
NA.31;180,00;PL_GENOM-OTP-01;BIO_IB1;Biologie;IBENS
NA.31;234,00;PL_GENOM-OTP-01;BIO_IB1;Biologie;IBENS
XD.61;48,00;PL_GENOM-OTP-01;BIO_IB1;Biologie;IBENS
XC.01;327,73;;BIO_IB1;Biologie;IBENS
XC.01;4,59;;BIO_IB1;Biologie;IBENS
XC.01;2,64;;BIO_IB1;Biologie;IBENS
AA.64;40,46;OP16-045-OTP-01;BIO_IB_CR;Biologie;IBENS
AA.64;154,10;OP16-045-OTP-01;BIO_IB_CR;Biologie;IBENS
AA.64;132,10;OP16-045-OTP-01;BIO_IB_CR;Biologie;IBENS
NA.41;536,00;OP20-128-OTP-01;BIO_IB_CR;Biologie;IBENS
NA.41;412,00;OP20-128-OTP-01;BIO_IB_CR;Biologie;IBENS
NA.41;536,00;OP20-128-OTP-01;BIO_IB_CR;Biologie;IBENS
XD.61;65,00;OP20-128-OTP-01;BIO_IB_CR;Biologie;IBENS
XD.61;50,00;OP20-128-OTP-01;BIO_IB_CR;Biologie;IBENS
XD.61;65,00;OP20-128-OTP-01;BIO_IB_CR;Biologie;IBENS
NA.56;1 472,00;OP23-001-OTP-01;BIO_IB_CR;Biologie;IBENS
XD.61;26,00;OP23-001-OTP-01;BIO_IB_CR;Biologie;IBENS
NA.41;568,75;OP22-120-OTP-01;BIO_IB_CR;Biologie;IBENS
NA.41;578,76;OP22-120-OTP-01;BIO_IB_CR;Biologie;IBENS
NA.41;533,26;OP22-120-OTP-01;BIO_IB_CR;Biologie;IBENS
NA.41;86,40;OP22-120-OTP-01;BIO_IB_CR;Biologie;IBENS
NA.41;104,65;OP22-120-OTP-01;BIO_IB_CR;Biologie;IBENS
XD.61;80,00;OP22-120-OTP-01;BIO_IB_CR;Biologie;IBENS
NA.77;115,00;OP20-061-OTP-01;BIO_IB_CR;Biologie;IBENS
NA.77;158,00;OP20-061-OTP-01;BIO_IB_CR;Biologie;IBENS
XD.61;25,00;OP20-061-OTP-01;BIO_IB_CR;Biologie;IBENS
NA.31;2 529,12;OP22-102-OTP-01;BIO_IB_CR;Biologie;IBENS
NA.31;4 005,76;OP22-102-OTP-01;BIO_IB_CR;Biologie;IBENS
NA.31;2 709,67;OP22-102-OTP-01;BIO_IB_CR;Biologie;IBENS
NA.41;215,90;OP20-128-OTP-01;BIO_IB_CR;Biologie;IBENS
NA.41;499,80;OP20-128-OTP-01;BIO_IB_CR;Biologie;IBENS
NA.41;340,86;OP20-128-OTP-01;BIO_IB_CR;Biologie;IBENS
NA.41;170,43;OP20-128-OTP-01;BIO_IB_CR;Biologie;IBENS
NA.41;742,05;OP20-128-OTP-01;BIO_IB_CR;Biologie;IBENS
NA.41;808,35;OP20-128-OTP-01;BIO_IB_CR;Biologie;IBENS
NA.41;192,95;OP20-128-OTP-01;BIO_IB_CR;Biologie;IBENS
NA.41;578,85;OP20-128-OTP-01;BIO_IB_CR;Biologie;IBENS
NA.41;192,95;OP20-128-OTP-01;BIO_IB_CR;Biologie;IBENS
NA.41;538,90;OP20-128-OTP-01;BIO_IB_CR;Biologie;IBENS
NA.41;771,80;OP20-128-OTP-01;BIO_IB_CR;Biologie;IBENS
NA.28;64,50;OP20-128-OTP-01;BIO_IB_CR;Biologie;IBENS
NA.41;578,85;OP20-128-OTP-01;BIO_IB_CR;Biologie;IBENS
NA.41;385,90;OP20-128-OTP-01;BIO_IB_CR;Biologie;IBENS
NA.41;192,95;OP20-128-OTP-01;BIO_IB_CR;Biologie;IBENS
NA.41;538,90;OP20-128-OTP-01;BIO_IB_CR;Biologie;IBENS
DC.01;630,15;OP17-123-OTP-01;BIO_IB_CR;Biologie;IBENS
HA.02;202,00;PL_IBENS-OTP-01;BIO_IB1;Biologie;IBENS
HA.11;134,32;PL_IBENS-OTP-01;BIO_IB1;Biologie;IBENS
XD.61;22,00;PL_IBENS-OTP-01;BIO_IB1;Biologie;IBENS
NB.83;25 840,00;;BIO_IB1;Biologie;IBENS
NB.17;935,10;OP20-128-OTP-01;BIO_IB_CR;Biologie;IBENS
NA.25;313,20;OP20-128-OTP-01;BIO_IB_CR;Biologie;IBENS
NA.25;393,50;OP20-128-OTP-01;BIO_IB_CR;Biologie;IBENS
NB.17;435,00;OP20-128-OTP-01;BIO_IB_CR;Biologie;IBENS
NA.25;435,00;OP20-128-OTP-01;BIO_IB_CR;Biologie;IBENS
ID.19;96,64;PL_GENOM-OTP-01;BIO_IB1;Biologie;IBENS
BB.32;1 406,44;;BIO_IB1;Biologie;IBENS
BB.32;1 742,41;;BIO_IB1;Biologie;IBENS
NA.31;1 564,64;OP22-102-OTP-01;BIO_IB_CR;Biologie;IBENS
NA.31;2 808,40;PL_GENOM-OTP-01;BIO_IB1;Biologie;IBENS
NA.31;25,00;PL_GENOM-OTP-01;BIO_IB1;Biologie;IBENS
JB.01;490,00;PL_IBENS-OTP-01;BIO_IB1;Biologie;IBENS
JB.01;878,34;PL_IBENS-OTP-01;BIO_IB1;Biologie;IBENS
JB.01;125,00;PL_IBENS-OTP-01;BIO_IB1;Biologie;IBENS
ND.11;5 850,00;PL_IBENS-OTP-01;BIO_IB1;Biologie;IBENS
DC.01;259,51;OP20-013-OTP-01;BIO_IB_CR;Biologie;IBENS
ND.13;548,30;PL_IBENS-OTP-01;BIO_IB1;Biologie;IBENS
ND.13;146,75;PL_IBENS-OTP-01;BIO_IB1;Biologie;IBENS
ND.13;51,10;PL_IBENS-OTP-01;BIO_IB1;Biologie;IBENS
ND.13;58,66;PL_IBENS-OTP-01;BIO_IB1;Biologie;IBENS
ND.13;1 641,11;PL_IBENS-OTP-01;BIO_IB1;Biologie;IBENS
ND.13;365,53;PL_IBENS-OTP-01;BIO_IB1;Biologie;IBENS
ND.13;132,08;PL_IBENS-OTP-01;BIO_IB1;Biologie;IBENS
DC.01;558,24;OP20-013-OTP-01;BIO_IB_CR;Biologie;IBENS
NA.51;375,00;OP22-017-OTP-01;BIO_IB_CR;Biologie;IBENS
NA.51;30,00;OP22-017-OTP-01;BIO_IB_CR;Biologie;IBENS
NA.51;375,00;OP22-017-OTP-01;BIO_IB_CR;Biologie;IBENS
NA.51;375,00;OP22-017-OTP-01;BIO_IB_CR;Biologie;IBENS
NA.51;30,00;OP22-017-OTP-01;BIO_IB_CR;Biologie;IBENS
NA.51;375,00;OP22-017-OTP-01;BIO_IB_CR;Biologie;IBENS
NA.51;375,00;OP22-017-OTP-01;BIO_IB_CR;Biologie;IBENS
NA.51;30,00;OP22-017-OTP-01;BIO_IB_CR;Biologie;IBENS
NA.51;85,00;OP22-017-OTP-01;BIO_IB_CR;Biologie;IBENS
NA.51;85,00;OP22-017-OTP-01;BIO_IB_CR;Biologie;IBENS
NA.51;85,00;OP22-017-OTP-01;BIO_IB_CR;Biologie;IBENS
NA.51;375,00;OP22-017-OTP-01;BIO_IB_CR;Biologie;IBENS
NA.51;30,00;OP22-017-OTP-01;BIO_IB_CR;Biologie;IBENS
NA.51;85,00;OP22-017-OTP-01;BIO_IB_CR;Biologie;IBENS
NA.51;375,00;OP22-017-OTP-01;BIO_IB_CR;Biologie;IBENS
NA.51;30,00;OP22-017-OTP-01;BIO_IB_CR;Biologie;IBENS
NA.51;60,00;OP22-017-OTP-01;BIO_IB_CR;Biologie;IBENS
NA.51;175,00;OP22-017-OTP-01;BIO_IB_CR;Biologie;IBENS
XC.21;50 757,00;OP16-045-OTP-01;BIO_IB_CR;Biologie;IBENS
XC.21;2 538,00;OP16-045-OTP-01;BIO_IB_CR;Biologie;IBENS
DC.01;315,50;OP20-039-OTP-01;BIO_IB_CR;Biologie;IBENS
CE.03;626,15;OP19-116-OTP-01;BIO_IB_CR;Biologie;IBENS
KC.31;151,64;PL_IBENS-OTP-01;BIO_IB1;Biologie;IBENS
KC.31;25,00;PL_IBENS-OTP-01;BIO_IB1;Biologie;IBENS
EC.01;17 500,00;PL_IBENS-OTP-01;BIO_IB1;Biologie;IBENS
ID.01;635,00;OP21-090-OTP-01;BIO_IB_CR;Biologie;IBENS
AC.31;1 125,00;OP21-090-OTP-01;BIO_IB_CR;Biologie;IBENS
NE.04;3 134,00;OP21-090-OTP-01;BIO_IB_CR;Biologie;IBENS
ID.01;2 541,00;OP21-090-OTP-01;BIO_IB_CR;Biologie;IBENS
KG.12;3 141,00;OP21-090-OTP-01;BIO_IB_CR;Biologie;IBENS
NA.31;198,00;PL_GENOM-OTP-01;BIO_IB1;Biologie;IBENS
XD.61;43,00;PL_GENOM-OTP-01;BIO_IB1;Biologie;IBENS
XD.19;1 258,00;OP19-137-OTP-01;BIO_CR;Biologie;IBENS
NA.47;935,10;OP20-128-OTP-01;BIO_IB_CR;Biologie;IBENS
NA.47;313,20;OP20-128-OTP-01;BIO_IB_CR;Biologie;IBENS
NA.47;393,50;OP20-128-OTP-01;BIO_IB_CR;Biologie;IBENS
NA.47;435,00;OP20-128-OTP-01;BIO_IB_CR;Biologie;IBENS
NA.47;435,00;OP20-128-OTP-01;BIO_IB_CR;Biologie;IBENS
NA.28;410,00;OP20-128-OTP-01;BIO_IB_CR;Biologie;IBENS
KA.02;309,20;OP20-128-OTP-01;BIO_IB_CR;Biologie;IBENS
FA.02;20,49;OP20-128-OTP-01;BIO_IB_CR;Biologie;IBENS
FC.11;21,97;OP20-128-OTP-01;BIO_IB_CR;Biologie;IBENS
NA.28;340,00;OP20-061-OTP-01;BIO_IB_CR;Biologie;IBENS
NA.28;30,00;OP20-061-OTP-01;BIO_IB_CR;Biologie;IBENS
DC.01;159,00;OP20-128-OTP-01;BIO_IB_CR;Biologie;IBENS
DC.01;235,00;OP20-039-OTP-01;BIO_IB_CR;Biologie;IBENS
XC.01;694,00;OP20-010-OTP-01;BIO_IB_CR;Biologie;IBENS
KG.05;18 764,00;OP20-061-OTP-01;BIO_IB_CR;Biologie;IBENS
RD.01;77,00;OP20-061-OTP-01;BIO_IB_CR;Biologie;IBENS
AC.31;639,00;OP20-061-OTP-01;BIO_IB_CR;Biologie;IBENS
NE.04;674,00;OP20-061-OTP-01;BIO_IB_CR;Biologie;IBENS
ID.01;243,00;OP20-061-OTP-01;BIO_IB_CR;Biologie;IBENS
KG.12;1 355,00;OP20-061-OTP-01;BIO_IB_CR;Biologie;IBENS
DC.01;128,00;OP20-013-OTP-01;BIO_IB_CR;Biologie;IBENS
DC.01;225,88;OP20-010-OTP-01;BIO_IB_CR;Biologie;IBENS
DC.01;235,50;OP20-010-OTP-01;BIO_IB_CR;Biologie;IBENS
JA.13;12 799,90;PL_IBENS-OTP-01;BIO_IB1;Biologie;IBENS
ND.32;738,88;OP22-102-OTP-01;BIO_IB_CR;Biologie;IBENS
ND.32;211,12;PL_GENOM-OTP-01;BIO_IB1;Biologie;IBENS
NA.41;512,00;OP20-128-OTP-01;BIO_IB_CR;Biologie;IBENS
NA.28;54,90;OP20-128-OTP-01;BIO_IB_CR;Biologie;IBENS
XD.61;80,00;OP20-128-OTP-01;BIO_IB_CR;Biologie;IBENS
KG.01;2 182,15;PL_IBENS-OTP-01;BIO_IB1;Biologie;IBENS
KG.01;2 182,15;PL_IBENS-OTP-01;BIO_IB1;Biologie;IBENS
KG.01;2 182,15;PL_IBENS-OTP-01;BIO_IB1;Biologie;IBENS
KG.01;2 182,15;PL_IBENS-OTP-01;BIO_IB1;Biologie;IBENS
OA.11;251,49;OP20-061-OTP-01;BIO_IB_CR;Biologie;IBENS
DC.01;198,00;PL_IBENS-OTP-01;BIO_IB1;Biologie;IBENS
DC.01;166,10;PL_IBENS-OTP-01;BIO_IB1;Biologie;IBENS
NB.17;935,10;OP20-128-OTP-01;BIO_IB_CR;Biologie;IBENS
NA.25;313,20;OP20-128-OTP-01;BIO_IB_CR;Biologie;IBENS
NA.32;393,50;OP20-128-OTP-01;BIO_IB_CR;Biologie;IBENS
DC.01;144,00;PL_IBENS-OTP-01;BIO_IB1;Biologie;IBENS
DC.01;156,45;PL_IBENS-OTP-01;BIO_IB1;Biologie;IBENS
NA.32;393,50;OP20-128-OTP-01;BIO_IB_CR;Biologie;IBENS
NA.32;435,00;OP20-128-OTP-01;BIO_IB_CR;Biologie;IBENS
NA.32;435,00;OP20-128-OTP-01;BIO_IB_CR;Biologie;IBENS
DC.01;166,10;PL_IBENS-OTP-01;BIO_IB1;Biologie;IBENS
DC.01;595,88;;BIO_IB1;Biologie;IBENS
NA.52;69,10;PL_GENOM-OTP-01;BIO_IB1;Biologie;IBENS
XD.61;58,00;PL_GENOM-OTP-01;BIO_IB1;Biologie;IBENS
NA.31;117,90;OP20-128-OTP-01;BIO_IB_CR;Biologie;IBENS
XD.61;40,00;OP20-128-OTP-01;BIO_IB_CR;Biologie;IBENS
NA.41;1 330,00;OP20-128-OTP-01;BIO_IB_CR;Biologie;IBENS
XD.61;35,00;OP20-128-OTP-01;BIO_IB_CR;Biologie;IBENS
NA.41;1 065,00;OP20-128-OTP-01;BIO_IB_CR;Biologie;IBENS
XD.61;15,00;OP20-128-OTP-01;BIO_IB_CR;Biologie;IBENS
DC.11;1 140,00;OP21-090-OTP-01;BIO_IB_CR;Biologie;IBENS
IA.25;83,60;OP22-103-OTP-01;BIO_IB_CR;Biologie;IBENS
XC.21;50 757,00;OP16-045-OTP-01;BIO_IB_CR;Biologie;IBENS
XC.21;2 538,00;OP16-045-OTP-01;BIO_IB_CR;Biologie;IBENS
ND.01;3 180,59;OP20-128-OTP-01;BIO_IB_CR;Biologie;IBENS
ND.01;686,22;OP20-024-OTP-01;BIO_IB_CR;Biologie;IBENS
AA.64;267,64;PL_IBENS-OTP-01;BIO_IB1;Biologie;IBENS
AA.64;23,42;PL_IBENS-OTP-01;BIO_IB1;Biologie;IBENS
AA.23;151,92;;BIO_IB1;Biologie;IBENS
NB.17;1 324,00;OP20-061-OTP-01;BIO_IB_CR;Biologie;IBENS
KA.02;78,64;OP20-128-OTP-01;BIO_IB_CR;Biologie;IBENS
KA.02;13,00;OP20-128-OTP-01;BIO_IB_CR;Biologie;IBENS
FA.02;21,97;OP20-128-OTP-01;BIO_IB_CR;Biologie;IBENS
KA.02;32,23;OP20-128-OTP-01;BIO_IB_CR;Biologie;IBENS
NA.47;80,40;OP20-128-OTP-01;BIO_IB_CR;Biologie;IBENS
NA.47;30,00;OP20-128-OTP-01;BIO_IB_CR;Biologie;IBENS
NA.41;310,50;OP20-128-OTP-01;BIO_IB_CR;Biologie;IBENS
AA.64;69,60;OP18-021-OTP-01;BIO_IB_CR;Biologie;IBENS
AA.64;80,40;OP18-021-OTP-01;BIO_IB_CR;Biologie;IBENS
AA.64;402,00;OP18-021-OTP-01;BIO_IB_CR;Biologie;IBENS
NB.35;119,70;OP20-128-OTP-01;BIO_IB_CR;Biologie;IBENS
NB.35;178,50;OP20-128-OTP-01;BIO_IB_CR;Biologie;IBENS
NB.35;99,76;OP20-128-OTP-01;BIO_IB_CR;Biologie;IBENS
NB.35;307,66;OP20-128-OTP-01;BIO_IB_CR;Biologie;IBENS
NB.35;121,80;OP20-128-OTP-01;BIO_IB_CR;Biologie;IBENS
NB.35;227,86;OP20-128-OTP-01;BIO_IB_CR;Biologie;IBENS
DC.11;1 371,00;OP21-090-OTP-01;BIO_IB_CR;Biologie;IBENS
DC.01;227,00;OP22-120-OTP-01;BIO_IB_CR;Biologie;IBENS
NA.47;324,75;OP20-128-OTP-01;BIO_IB_CR;Biologie;IBENS
XD.61;40,00;OP20-128-OTP-01;BIO_IB_CR;Biologie;IBENS
GA.55;593,35;OP20-128-OTP-01;BIO_IB_CR;Biologie;IBENS
XD.61;54,00;OP20-128-OTP-01;BIO_IB_CR;Biologie;IBENS
NA.21;68,70;OP20-128-OTP-01;BIO_IB_CR;Biologie;IBENS
NA.21;31,00;OP20-128-OTP-01;BIO_IB_CR;Biologie;IBENS
NA.21;23,90;OP20-128-OTP-01;BIO_IB_CR;Biologie;IBENS
NA.28;89,00;OP20-128-OTP-01;BIO_IB_CR;Biologie;IBENS
XD.61;25,00;OP20-128-OTP-01;BIO_IB_CR;Biologie;IBENS
CE.11;230,22;PL_IBENS-OTP-01;BIO_IB1;Biologie;IBENS
CE.11;968,00;PL_IBENS-OTP-01;BIO_IB1;Biologie;IBENS
BE.15;180,00;PL_IBENS-OTP-01;BIO_IB1;Biologie;IBENS
BE.15;180,00;PL_IBENS-OTP-01;BIO_IB1;Biologie;IBENS
AC.31;155,74;OP20-010-OTP-01;BIO_IB_CR;Biologie;IBENS
AC.31;5,00;OP20-010-OTP-01;BIO_IB_CR;Biologie;IBENS
NB.84;3 212,64;PL_IBENS-OTP-01;BIO_IB1;Biologie;IBENS
NB.84;3 212,64;PL_IBENS-OTP-01;BIO_IB1;Biologie;IBENS
NB.84;3 212,64;PL_IBENS-OTP-01;BIO_IB1;Biologie;IBENS
NB.84;252,00;PL_IBENS-OTP-01;BIO_IB1;Biologie;IBENS
NB.84;1 601,28;PL_IBENS-OTP-01;BIO_IB1;Biologie;IBENS
NB.84;128,00;PL_IBENS-OTP-01;BIO_IB1;Biologie;IBENS
NB.84;2 702,16;PL_IBENS-OTP-01;BIO_IB1;Biologie;IBENS
NB.84;2 702,16;PL_IBENS-OTP-01;BIO_IB1;Biologie;IBENS
NB.84;308,00;PL_IBENS-OTP-01;BIO_IB1;Biologie;IBENS
NB.84;4 083,92;PL_IBENS-OTP-01;BIO_IB1;Biologie;IBENS
NB.84;4 083,92;PL_IBENS-OTP-01;BIO_IB1;Biologie;IBENS
NB.84;600,02;PL_IBENS-OTP-01;BIO_IB1;Biologie;IBENS
NB.84;190,00;PL_IBENS-OTP-01;BIO_IB1;Biologie;IBENS
NB.84;122,00;;BIO_IB1;Biologie;IBENS
NB.84;470,00;;BIO_IB1;Biologie;IBENS
BE.15;180,00;PL_IBENS-OTP-01;BIO_IB1;Biologie;IBENS
ND.11;850,00;;BIO_IB1;Biologie;IBENS
BE.12;151,87;;BIO_IB1;Biologie;IBENS
BE.12;178,10;PL_IBENS-OTP-01;BIO_IB1;Biologie;IBENS
